Sl.no.,Open_case,Open_Ticket_age,Product Category,Case_Description,Similar_Cases,Description,Closed_Ticket_age,similarity_index,Date_closed,Case_Owner,Cluster,Extra_days
0,1708934,0,PA-220,Traffic not going through IPsec tunnel.,1708934,Traffic not going through IPsec tunnel.,0,1,1/14/2021 16:27,Neeraj Vimal,1,0.00
0,1708934,0,PA-220,Traffic not going through IPsec tunnel.,1867478,Traffic through IPsec tunnel,0,0.89,6/22/2021 7:14,Chandan Prakash Ray,1,0.00
0,1708934,0,PA-220,Traffic not going through IPsec tunnel.,1830073,ipsec tunnel traffic is not flowing,10,0.8,5/17/2021 6:37,Shivam Thakur,1,2.40
0,1708934,0,PA-220,Traffic not going through IPsec tunnel.,1868673,Traffic not passing through IPsec tunnel,4,0.8,6/23/2021 6:37,Sachin Upadhyay,1,0.00
0,1708934,0,PA-220,Traffic not going through IPsec tunnel.,1839234,IPsec tunnel is down,0,0.77,5/25/2021 6:40,Chandan Prakash Ray,1,0.00
0,1708934,0,PA-220,Traffic not going through IPsec tunnel.,1702608,IPSEC tunnel not up,4,0.77,1/8/2021 7:35,Sahil Pandita,1,0.00
0,1708934,0,PA-220,Traffic not going through IPsec tunnel.,1856316,IPSec tunnel down,5,0.77,6/10/2021 20:08,Shivam Thakur,1,0.00
0,1708934,0,PA-220,Traffic not going through IPsec tunnel.,1735086,IPsec tunnel down,1,0.77,2/10/2021 11:25,Dinesh Ram,1,0.00
0,1708934,0,PA-220,Traffic not going through IPsec tunnel.,1856162,IPSEC tunnel down,1,0.77,6/10/2021 15:13,Nandakishor Punati,1,0.00
0,1708934,0,PA-220,Traffic not going through IPsec tunnel.,1827194,IPsec tunnel is down,0,0.77,5/13/2021 8:11,Tanmoy Kumbhakar,1,0.00
0,1708934,0,PA-220,Traffic not going through IPsec tunnel.,1788483,Ipsec tunnel is down,1,0.77,4/5/2021 11:23,Kevin Zamora,1,0.00
0,1708934,0,PA-220,Traffic not going through IPsec tunnel.,1825098,IPSEC tunnels are not up,1,0.77,5/11/2021 11:03,Preethi Ramamurthy,1,0.00
0,1708934,0,PA-220,Traffic not going through IPsec tunnel.,1851061,IPsec tunnel,1,0.77,6/7/2021 10:11,Chandan Prakash Ray,1,0.00
0,1708934,0,PA-220,Traffic not going through IPsec tunnel.,1769625,IPSEC tunnel up but traffic is not receiving in the peer,15,0.73,3/16/2021 15:27,Nandakishor Punati,1,7.40
0,1708934,0,PA-220,Traffic not going through IPsec tunnel.,1786527,Issue with IPSEC tunnel traffic flow,5,0.73,4/1/2021 8:50,Sijo Georjekutty,1,0.00
0,1708934,0,PA-220,Traffic not going through IPsec tunnel.,1834947,"No outbound traffic passing, cannot establish ipsec tunnel",40,0.68,5/20/2021 10:15,Greivin Loria,1,32.40
0,1708934,0,PA-220,Traffic not going through IPsec tunnel.,1852223,IPSEC Tunnel is not coming up.,0,0.67,6/8/2021 6:48,Bhavjeet Singh,1,0.00
0,1708934,0,PA-220,Traffic not going through IPsec tunnel.,1883782,IPsec UP but traffic is not flowing,0,0.67,7/9/2021 4:57,Nikhil Sharma,1,0.00
0,1708934,0,PA-220,Traffic not going through IPsec tunnel.,1839995,New IPsec tunnel down,0,0.67,5/25/2021 15:30,Carlos Rodriguez,1,0.00
0,1708934,0,PA-220,Traffic not going through IPsec tunnel.,1786548,IPSec tunnels are not coming up,7,0.67,4/1/2021 9:01,Tanmoy Kumbhakar,1,0.00
0,1708934,0,PA-220,Traffic not going through IPsec tunnel.,1812391,IPsec tunnel issue,0,0.67,4/28/2021 6:36,Dinesh Ram,1,0.00
0,1708934,0,PA-220,Traffic not going through IPsec tunnel.,1794529,IPSEC tunnel went down,0,0.67,4/11/2021 9:05,Ankur Chauhan,1,0.00
0,1708934,0,PA-220,Traffic not going through IPsec tunnel.,1774123,IPSec tunnel between PA firewall is down,0,0.67,3/20/2021 14:03,Saurabh Kumar,1,0.00
0,1708934,0,PA-220,Traffic not going through IPsec tunnel.,1848790,IPSEC VPN tunnel is down,0,0.67,6/3/2021 16:26,Ragavi Lakshminarayanan,1,0.00
0,1708934,0,PA-220,Traffic not going through IPsec tunnel.,1819709,IPsec tunnel issue,0,0.67,5/5/2021 19:05,Mohammad Aftabkhan,1,0.00
0,1708934,0,PA-220,Traffic not going through IPsec tunnel.,1828437,IPSec tunnel is not coming up,0,0.67,5/14/2021 6:15,Tanmoy Kumbhakar,1,0.00
0,1708934,0,PA-220,Traffic not going through IPsec tunnel.,1785532,IPSEC tunnel phase 1 is up but Phase 2 is down,17,0.67,3/31/2021 15:04,Ankur Chauhan,1,9.40
0,1708934,0,PA-220,Traffic not going through IPsec tunnel.,1722057,Issue with IPSEC tunnel,0,0.67,1/28/2021 20:01,Sourav Ranjan,1,0.00
0,1708934,0,PA-220,Traffic not going through IPsec tunnel.,1747296,Tunnels going down and not recovering,27,0.67,2/23/2021 8:52,Luis Romero,1,19.40
0,1708934,0,PA-220,Traffic not going through IPsec tunnel.,1805809,Setting up an IPSEC tunnel,2,0.67,4/21/2021 10:03,Vasisht Subramanian,1,0.00
0,1708934,0,PA-220,Traffic not going through IPsec tunnel.,1717449,Issue with Traffic over the IPSEC .,1,0.67,1/25/2021 6:34,Swati Pathania,1,0.00
0,1708934,0,PA-220,Traffic not going through IPsec tunnel.,1827500,IPSEC traffic issues,4,0.67,5/13/2021 11:46,Vasisht Subramanian,1,0.00
0,1708934,0,PA-220,Traffic not going through IPsec tunnel.,1762297,IPSec Tunnel PBF,1,0.67,3/9/2021 13:22,Sandeep Singh,1,0.00
0,1708934,0,PA-220,Traffic not going through IPsec tunnel.,1743133,IPSEC traffic issues,0,0.67,2/18/2021 12:09,Vasisht Subramanian,1,0.00
0,1708934,0,PA-220,Traffic not going through IPsec tunnel.,1727534,IPSEC tunnel to Zscalar,2,0.67,2/3/2021 10:13,Nandakishor Punati,1,0.00
0,1708934,0,PA-220,Traffic not going through IPsec tunnel.,1876360,Tunnel down,4,0.63,7/1/2021 2:58,Deepak Sharma,1,0.00
0,1708934,0,PA-220,Traffic not going through IPsec tunnel.,1855325,Tunnels,19,0.63,6/10/2021 6:44,Federico Lang,1,11.40
0,1708934,0,PA-220,Traffic not going through IPsec tunnel.,1819381,IPSEC tunnel went down both phase 1 and phase 2,0,0.6,5/5/2021 14:48,Ankur Chauhan,1,0.00
0,1708934,0,PA-220,Traffic not going through IPsec tunnel.,1697349,IPSEC tunnel flapping intermittently,2,0.6,1/4/2021 6:27,Soubhik Das,1,0.00
0,1708934,0,PA-220,Traffic not going through IPsec tunnel.,1850120,Traffic issue over GRE tunnel,18,0.6,6/5/2021 10:51,Bollina Raja Manohar,1,10.40
0,1708934,0,PA-220,Traffic not going through IPsec tunnel.,1755168,After changing the peer IP IPSEC tunnel is down,0,0.6,3/2/2021 15:26,Nandakishor Punati,1,0.00
0,1708934,0,PA-220,Traffic not going through IPsec tunnel.,1845358,Dynamic IPSec tunnel not establishing,16,0.6,6/1/2021 7:25,Swati Pathania,1,8.40
0,1708934,0,PA-220,Traffic not going through IPsec tunnel.,1856027,Having issues with IPSEC traffic for incoming traffic.,13,0.6,6/10/2021 13:10,Anup Bhojagi,1,5.40
0,1708934,0,PA-220,Traffic not going through IPsec tunnel.,1843729,Intermittent IPSEC Tunnel Dropping,25,0.6,5/28/2021 12:30,Alexander Moscoa,1,17.40
0,1708934,0,PA-220,Traffic not going through IPsec tunnel.,1708265,IPSec VPN Tunnel Issue,4,0.6,1/14/2021 7:35,Sandeep Singh,1,0.00
0,1708934,0,PA-220,Traffic not going through IPsec tunnel.,1724872,ipsec tunnel not sending decaps,0,0.6,2/1/2021 17:13,Avijit Sharma,1,0.00
0,1708934,0,PA-220,Traffic not going through IPsec tunnel.,1780260,Not receiving syslogs over IPSec Tunnel,40,0.6,3/25/2021 12:05,Andres Soto,1,32.40
0,1708934,0,PA-220,Traffic not going through IPsec tunnel.,1859461,"IPsec tunnels not working, GP not working on firewall",4,0.6,6/14/2021 14:20,Carlos Rojas,1,0.00
0,1708934,0,PA-220,Traffic not going through IPsec tunnel.,1848068,Not able to access the server over IPSEC tunnel.,0,0.55,6/3/2021 6:35,Ankur Chauhan,1,0.00
0,1708934,0,PA-220,Traffic not going through IPsec tunnel.,1790323,traffic not passing through the backup site to site tunnel,10,0.55,4/6/2021 16:24,Avijit Sharma,1,2.40
0,1708934,0,PA-220,Traffic not going through IPsec tunnel.,1828493,IPSEC tunnel setup and DHCP server,3,0.55,5/14/2021 7:05,Vasisht Subramanian,1,0.00
0,1708934,0,PA-220,Traffic not going through IPsec tunnel.,1781302,Help Configuring New IpSEC tunnel,3,0.55,3/26/2021 10:12,Luis Romero,1,0.00
0,1708934,0,PA-220,Traffic not going through IPsec tunnel.,1866502,Issues with Ipsec tunnel cannot ping Vlan.,0,0.55,6/21/2021 10:53,Anup Bhojagi,1,0.00
0,1708934,0,PA-220,Traffic not going through IPsec tunnel.,1803433,IPsec tunnel is not getting up with Microsoft Azure.,0,0.55,4/19/2021 12:57,Abhishek Mishra,1,0.00
0,1708934,0,PA-220,Traffic not going through IPsec tunnel.,1729007,VPN tunnel down.,11,0.52,2/4/2021 11:46,Saurabh Kumar,1,3.40
0,1708934,0,PA-220,Traffic not going through IPsec tunnel.,1820819,Split tunnel,1,0.52,5/6/2021 11:03,Vijay Ombahadur Singh,1,0.00
0,1708934,0,PA-220,Traffic not going through IPsec tunnel.,1818232,Tunnel flaps,2,0.52,5/4/2021 20:38,Shreelatha Sathyanarayana,1,0.00
0,1708934,0,PA-220,Traffic not going through IPsec tunnel.,1738933,"Palo alto stopped passing traffic from all IPSec Tunnels, the Firewall started pushing traffic again after reboot of the Palo Alto",17,0.52,2/15/2021 7:19,Jason Miller,1,9.40
0,1708934,0,PA-220,Traffic not going through IPsec tunnel.,1775903,IPsec issue,0,0.52,3/22/2021 21:34,Sourav Ranjan,1,0.00
0,1708934,0,PA-220,Traffic not going through IPsec tunnel.,1766244,Traffic issues,29,0.52,3/12/2021 12:50,Vasisht Subramanian,1,21.40
0,1708934,0,PA-220,Traffic not going through IPsec tunnel.,1815211,LSVPN tunnel are down,0,0.52,4/30/2021 13:29,Sijo Georjekutty,1,0.00
0,1708934,0,PA-220,Traffic not going through IPsec tunnel.,1733619,Having issues with the tunnel,21,0.52,2/9/2021 10:05,Kaushik Dhanasekaran,1,13.40
0,1708934,0,PA-220,Traffic not going through IPsec tunnel.,1825624,Traffic Over VPN,23,0.52,5/12/2021 1:11,Bollina Raja Manohar,1,15.40
0,1708934,0,PA-220,Traffic not going through IPsec tunnel.,1718804,Firewall not connected to panorama via ipsec tunnel,2,0.51,1/26/2021 8:29,Deepak Modi,1,0.00
0,1708934,0,PA-220,Traffic not going through IPsec tunnel.,1772717,IPSEC VPN ROUTING FROM REMOTE CLIENT TO AN IPSEC TUNNEL,13,0.51,3/18/2021 21:16,Ashif Patel,1,5.40
0,1708934,0,PA-220,Traffic not going through IPsec tunnel.,1864721,Requirement to route all Outbound traffic via Tunnel,13,0.51,6/18/2021 11:34,Nikhil Sharma,1,5.40
0,1708934,0,PA-220,Traffic not going through IPsec tunnel.,1793868,IPSec Tunnel is dropping 2 packets in every 1 minute,4,0.51,4/9/2021 11:01,Tanmoy Kumbhakar,1,0.00
0,1708934,0,PA-220,Traffic not going through IPsec tunnel.,1820712,IPSec tunnel between Palo Alto and AWS does not work.,14,0.51,5/6/2021 9:53,Saurabh Kumar,1,6.40
0,1708934,0,PA-220,Traffic not going through IPsec tunnel.,1822546,IPSEC tunnel went down both phase 1 and phase 2 creating outage,0,0.51,5/9/2021 8:58,Ankur Chauhan,1,0.00
0,1708934,0,PA-220,Traffic not going through IPsec tunnel.,1855498,NAT into IPSEC Tunnel and Tunnel Subnet Overlap Limitation,28,0.51,6/10/2021 8:22,Greivin Loria,1,20.40
0,1708934,0,PA-220,Traffic not going through IPsec tunnel.,1826559,IPSec Tunnel to Cisco ASA Firewall not coming up,5,0.51,5/12/2021 13:54,Kenneth Solorzano,1,0.00
0,1708934,0,PA-220,Traffic not going through IPsec tunnel.,1797416,Unable to send traffic over established vpn tunnel,23,0.51,4/13/2021 15:37,Jose Valverde,1,15.40
0,1708934,0,PA-220,Traffic not going through IPsec tunnel.,1845631,IPsec tunnel not coming up between Palo And cisco ASA,0,0.51,6/1/2021 10:29,Ankush Ghai,1,0.00
0,1708934,0,PA-220,Traffic not going through IPsec tunnel.,1861161,Unable to pass traffic on production VPN tunnel,17,0.51,6/15/2021 22:22,Kevin Hernandez,1,9.40
0,1708934,0,PA-220,Traffic not going through IPsec tunnel.,1814771,Not able to reach to the DNS server over IPSEC tunnel.,0,0.51,4/30/2021 6:58,Ankur Chauhan,1,0.00
0,1708934,0,PA-220,Traffic not going through IPsec tunnel.,1757454,IPSEC tunnels were not up and rule hit count for NAT is not increasing,23,0.47,3/4/2021 7:40,Vasisht Subramanian,1,15.40
0,1708934,0,PA-220,Traffic not going through IPsec tunnel.,1781047,After migration the IPSec tunnel between two Palo alto is not coming up.,0,0.47,3/26/2021 6:53,Saurabh Kumar,1,0.00
0,1708934,0,PA-220,Traffic not going through IPsec tunnel.,1871708,"IPSec Tunnels ""add"" is disabled in template stack in Panorama",9,0.47,6/25/2021 18:34,Ragavi Lakshminarayanan,1,1.40
0,1708934,0,PA-220,Traffic not going through IPsec tunnel.,1849424,IPSEC tunnel is not coming up between the data center firewall and branch office firewall.,0,0.45,6/4/2021 8:25,Bhavjeet Singh,1,0.00
0,1708934,0,PA-220,Traffic not going through IPsec tunnel.,1733258,IPSEc tunnel in passive mode goes down and comes up every 1 2 hours,13,0.45,2/9/2021 6:31,Neeraj Vimal,1,5.40
0,1708934,0,PA-220,Traffic not going through IPsec tunnel.,1709337,Site to Site IPsec with fortigate,11,0.45,1/15/2021 6:17,David Lopez,1,3.40
0,1708934,0,PA-220,Traffic not going through IPsec tunnel.,1808005,IPsec VPN cannot establish,6,0.45,4/22/2021 19:58,Deepak Kashyap,1,0.00
0,1708934,0,PA-220,Traffic not going through IPsec tunnel.,1736242,vpn tunnel configuration,4,0.45,2/11/2021 6:40,Wallace Aguero,1,0.00
0,1708934,0,PA-220,Traffic not going through IPsec tunnel.,1792776,VPN Tunnel Issue,13,0.45,4/8/2021 11:50,Marco Valerio,1,5.40
0,1708934,0,PA-220,Traffic not going through IPsec tunnel.,1762142,Multicast traffic failing,17,0.45,3/9/2021 11:37,Kumaradev Adikesavelu,1,9.40
0,1708934,0,PA-220,Traffic not going through IPsec tunnel.,1855995,issue with traffic between VRs,15,0.45,6/10/2021 12:47,Vijay Ombahadur Singh,1,7.40
0,1708934,0,PA-220,Traffic not going through IPsec tunnel.,1834119,Routes between VPN tunnels,33,0.45,5/19/2021 16:37,Kulandavill Sivalingam,1,25.40
0,1708934,0,PA-220,Traffic not going through IPsec tunnel.,1769922,IPSEC configuration issue,14,0.45,3/17/2021 0:46,Amit Rathore,1,6.40
0,1708934,0,PA-220,Traffic not going through IPsec tunnel.,1770335,Syslog traffic issue,0,0.45,3/17/2021 8:22,Dinesh Ram,1,0.00
0,1708934,0,PA-220,Traffic not going through IPsec tunnel.,1726208,how to configure FW to bypass traffic from FW,0,0.45,2/2/2021 15:03,Neeraj Vimal,1,0.00
0,1708934,0,PA-220,Traffic not going through IPsec tunnel.,1799628,qos for voice traffic,1,0.45,4/15/2021 5:33,Shivam Thakur,1,0.00
1,1791936,0,PA-220,Some of the traffic was getting denied by the firewall.,1791936,Some of the traffic was getting denied by the firewall.,0,1,4/7/2021 20:21,Sourav Ranjan,2,0.00
1,1791936,0,PA-220,Some of the traffic was getting denied by the firewall.,1787906,Traffic was getting denied by the policy.,7,0.8,4/4/2021 18:33,Sourav Ranjan,2,0.00
1,1791936,0,PA-220,Some of the traffic was getting denied by the firewall.,1812949,Unable to pass sip traffic from the firewall,16,0.55,4/28/2021 12:58,Abhishek Mishra,2,5.64
1,1791936,0,PA-220,Some of the traffic was getting denied by the firewall.,1790199,Firewall rebooted,45,0.52,4/6/2021 13:44,Marco Valerio,2,34.64
1,1791936,0,PA-220,Some of the traffic was getting denied by the firewall.,1820355,Website is not accessible even the traffic is allowed on the firewall.,13,0.51,5/6/2021 6:55,Rodrigo Loyo,2,2.64
1,1791936,0,PA-220,Some of the traffic was getting denied by the firewall.,1845904,Traffic from port 2156 not showing on firewall since Friday,7,0.47,6/1/2021 13:58,Francisco Mena,2,0.00
1,1791936,0,PA-220,Some of the traffic was getting denied by the firewall.,1839597,User system not getting IP from the DHCP server configured on Firewall,1,0.47,5/25/2021 10:54,Kaushik Dhanasekaran,2,0.00
1,1791936,0,PA-220,Some of the traffic was getting denied by the firewall.,1760466,Unable to get IP address from the DHCP server configured on the firewall.,12,0.47,3/8/2021 9:36,Vivek Kumar,2,1.64
1,1791936,0,PA-220,Some of the traffic was getting denied by the firewall.,1696848,Configure VLAN on firewall,5,0.45,1/1/2021 12:55,Sourav Ranjan,2,0.00
1,1791936,0,PA-220,Some of the traffic was getting denied by the firewall.,1792817,Not able to get to the Internet,4,0.45,4/8/2021 12:19,Vasisht Subramanian,2,0.00
1,1791936,0,PA-220,Some of the traffic was getting denied by the firewall.,1697524,Firewall rebooted unexpectly,4,0.45,1/4/2021 8:57,Federico Lang,2,0.00
2,1806366,0,PA-220,Having an issue with DNAT.,1806366,Having an issue with DNAT.,0,1,4/21/2021 18:45,Sourav Ranjan,3,0.00
2,1806366,0,PA-220,Having an issue with DNAT.,1783527,GeoIP issue,37,0.67,3/30/2021 6:07,Ronald Blanco,3,26.23
2,1806366,0,PA-220,Having an issue with DNAT.,1838027,Console Issue,10,0.67,5/24/2021 10:18,Joao Santos,3,0.00
2,1806366,0,PA-220,Having an issue with DNAT.,1709643,Having issues with Autotagging,4,0.67,1/15/2021 10:19,Ankur Chauhan,3,0.00
2,1806366,0,PA-220,Having an issue with DNAT.,1841515,VWIRE issue,21,0.67,5/26/2021 13:30,Juan Carlos Mora,3,10.23
2,1806366,0,PA-220,Having an issue with DNAT.,1872680,Issues with Path Monitoring,3,0.58,6/28/2021 7:43,Aaron Obando,3,0.00
2,1806366,0,PA-220,Having an issue with DNAT.,1879720,Issue with sub interfaces,2,0.58,7/5/2021 22:05,Ruochen Xie,3,0.00
2,1806366,0,PA-220,Having an issue with DNAT.,1830382,Security policy issue,7,0.58,5/17/2021 10:24,Vasisht Subramanian,3,0.00
2,1806366,0,PA-220,Having an issue with DNAT.,1714419,point to point VPN issue,0,0.58,1/21/2021 7:45,Wallace Aguero,3,0.00
2,1806366,0,PA-220,Having an issue with DNAT.,1701509,Packet drop issue,0,0.58,1/7/2021 7:03,Tanmoy Kumbhakar,3,0.00
2,1806366,0,PA-220,Having an issue with DNAT.,1697863,Issue with web tarffic,14,0.58,1/4/2021 14:16,Swati Pathania,3,3.23
2,1806366,0,PA-220,Having an issue with DNAT.,1706187,Having an issue with creating the policy.,0,0.58,1/12/2021 21:35,Sourav Ranjan,3,0.00
2,1806366,0,PA-220,Having an issue with DNAT.,1709686,Issues with connecting to internal website,21,0.52,1/15/2021 10:53,Nandakishor Punati,3,10.23
2,1806366,0,PA-220,Having an issue with DNAT.,1859477,Issue with secondary ISP link,15,0.52,6/14/2021 14:32,Murugan Sridhar,3,4.23
2,1806366,0,PA-220,Having an issue with DNAT.,1711962,Issue with traffic over the site to site VPN .,3,0.52,1/19/2021 7:29,Swati Pathania,3,0.00
2,1806366,0,PA-220,Having an issue with DNAT.,1856760,VPN issue between two sites,0,0.52,6/11/2021 7:12,Ankush Ghai,3,0.00
2,1806366,0,PA-220,Having an issue with DNAT.,1756905,Speed latency and upload speed issue,15,0.52,3/3/2021 21:58,Amit Rathore,3,4.23
2,1806366,0,PA-220,Having an issue with DNAT.,1750033,Issue with external dynamic list,6,0.52,2/25/2021 10:20,Anup Bhojagi,3,0.00
2,1806366,0,PA-220,Having an issue with DNAT.,1724211,Having a issue assigning a IP address to a interface.,4,0.52,2/1/2021 10:16,Ankush Ghai,3,0.00
2,1806366,0,PA-220,Having an issue with DNAT.,1722680,VPN issues with remote peer,54,0.52,1/29/2021 10:27,Steven Araya,3,43.23
2,1806366,0,PA-220,Having an issue with DNAT.,1824695,Policy base forwarding issue,0,0.52,5/11/2021 6:24,Federico Lang,3,0.00
2,1806366,0,PA-220,Having an issue with DNAT.,1777089,IPSec VPN stability issues,1,0.52,3/23/2021 13:02,Amol Walde,3,0.00
2,1806366,0,PA-220,Having an issue with DNAT.,1802612,issue with ISP Failover. I cannot do failover with PPPOE,11,0.52,4/18/2021 23:43,Anoop Alex,3,0.23
2,1806366,0,PA-220,Having an issue with DNAT.,1833514,Throughput issue for TCP traffic,17,0.52,5/19/2021 9:04,Nikhil Sharma,3,6.23
2,1806366,0,PA-220,Having an issue with DNAT.,1753389,Issues when setting up site to site VPN,8,0.52,3/1/2021 13:15,Murugan Sridhar,3,0.00
2,1806366,0,PA-220,Having an issue with DNAT.,1851305,Network traffic issues with L2/VLAN interfaces,10,0.47,6/7/2021 13:19,Pooja Chandrakant Desai,3,0.00
2,1806366,0,PA-220,Having an issue with DNAT.,1776696,3rd ISP on firewall routing out issue,51,0.47,3/23/2021 9:04,Mauricio Molina,3,40.23
2,1806366,0,PA-220,Having an issue with DNAT.,1737015,Static routing issue with path monitoring.,0,0.47,2/11/2021 17:38,Sourav Ranjan,3,0.00
2,1806366,0,PA-220,Having an issue with DNAT.,1814330,Login Issue on Firewall Palo Alto,16,0.47,4/29/2021 16:24,Cesar Solis,3,5.23
2,1806366,0,PA-220,Having an issue with DNAT.,1869595,Site to Site vpn issues with dynamic WAN,5,0.47,6/23/2021 23:57,Damini Singh,3,0.00
2,1806366,0,PA-220,Having an issue with DNAT.,1728692,Upload Performance Issues through PA220 Firewall,11,0.47,2/4/2021 8:36,Kishore Shreyas,3,0.23
2,1806366,0,PA-220,Having an issue with DNAT.,1743152,HTTPS is not working when DNAT is configured with IP 12.195.13.87.,1,0.47,2/18/2021 12:22,Juan Mora,3,0.00
2,1806366,0,PA-220,Having an issue with DNAT.,1850505,SUP236594   S2S VPN Performance Issue,10,0.47,6/7/2021 1:37,Juan Carlos Solano,3,0.00
2,1806366,0,PA-220,Having an issue with DNAT.,1805903,Intermittent connectivity issues that are only resolved by rebooting the NGFW,29,0.44,4/21/2021 11:01,Shubham Dhyani,3,18.23
2,1806366,0,PA-220,Having an issue with DNAT.,1736606,routes,7,0.41,2/11/2021 11:03,Cesar Solis,3,0.00
2,1806366,0,PA-220,Having an issue with DNAT.,1723198,PA down cannot access,13,0.41,1/30/2021 10:21,Pushpa Siddineni,3,2.23
2,1806366,0,PA-220,Having an issue with DNAT.,1785525,1785582,2,0.41,3/31/2021 14:58,Tarun Sharma,3,0.00
2,1806366,0,PA-220,Having an issue with DNAT.,1716107,VPN down,28,0.41,1/22/2021 9:39,Vivek Kumar,3,17.23
2,1806366,0,PA-220,Having an issue with DNAT.,1742475,device down,8,0.41,2/18/2021 2:17,Yedhu Vayola,3,0.00
2,1806366,0,PA-220,Having an issue with DNAT.,1724760,"Due to technical issue, we could not join the call with the customer",9,0.41,2/1/2021 15:22,Tarun Krovi,3,0.00
2,1806366,0,PA-220,Having an issue with DNAT.,1738951,Autocommit at 0%,0,0.41,2/15/2021 7:40,Vasisht Subramanian,3,0.00
2,1806366,0,PA-220,Having an issue with DNAT.,1705629,upgrade PA from 8.1.15 to 9.1.5,21,0.41,1/12/2021 9:49,Fabio Aguilar,3,10.23
2,1806366,0,PA-220,Having an issue with DNAT.,1745184,PA 220,0,0.41,2/21/2021 11:53,Sourav Ranjan,3,0.00
2,1806366,0,PA-220,Having an issue with DNAT.,1707832,Cannot commit,0,0.41,1/14/2021 1:55,Shivam Thakur,3,0.00
3,1735267,0,PA-220,IP block query,1735267,IP block query,0,1,2/10/2021 13:26,Neeraj Vimal,4,0.00
3,1735267,0,PA-220,IP block query,1760235,Application ID is blocked,15,0.67,3/8/2021 7:02,Brandon Solorzano,4,8.29
3,1735267,0,PA-220,IP block query,1812252,HA Licensing query,2,0.67,4/28/2021 3:42,Shivam Thakur,4,0.00
3,1735267,0,PA-220,IP block query,1701788,Ms onedrive blocking,13,0.67,1/7/2021 10:25,Juan Carlos Solano,4,6.29
3,1735267,0,PA-220,IP block query,1757898,Website being blocked,0,0.67,3/4/2021 12:30,Vasisht Subramanian,4,0.00
3,1735267,0,PA-220,IP block query,1779348,Queries regarding DDNS,0,0.58,3/24/2021 22:11,Tarun Krovi,4,0.00
3,1735267,0,PA-220,IP block query,1720645,Query related to an email reporting.,0,0.52,1/27/2021 16:08,Sourav Ranjan,4,0.00
3,1735267,0,PA-220,IP block query,1854555,Not able to get the block page.,0,0.52,6/9/2021 17:49,Sourav Ranjan,4,0.00
3,1735267,0,PA-220,IP block query,1793289,multiple LDAP servers queries.,15,0.52,4/9/2021 0:11,Shivam Thakur,4,8.29
3,1735267,0,PA-220,IP block query,1843854,Query regarding Configuration of Qos,0,0.52,5/28/2021 15:35,Ankur Chauhan,4,0.00
3,1735267,0,PA-220,IP block query,1804589,Need assistance in blocking security vunerabilities.,0,0.47,4/20/2021 11:34,Abhishek Mishra,4,0.00
3,1735267,0,PA-220,IP block query,1826486,Having query regarding one of the security policy.,0,0.47,5/12/2021 12:51,Ankur Chauhan,4,0.00
3,1735267,0,PA-220,IP block query,1751883,Palo Alto blocking Avast from installing,33,0.47,2/26/2021 14:39,Marco Valerio,4,26.29
3,1735267,0,PA-220,IP block query,1750922,Need to block Wetransfer and other file transfer websites,16,0.44,2/25/2021 23:24,Shivam Thakur,4,9.29
4,1727164,0,PA-220,aggregate interface ae1.666 can not be reached from LAN,1727164,aggregate interface ae1.666 can not be reached from LAN,0,1,2/3/2021 6:41,Neeraj Vimal,5,0.00
4,1727164,0,PA-220,aggregate interface ae1.666 can not be reached from LAN,1727946,can not reach a subnet with in LAN from FW,0,0.57,2/3/2021 15:18,Neeraj Vimal,5,0.00
4,1727164,0,PA-220,aggregate interface ae1.666 can not be reached from LAN,1736459,Wake On LAN on layer2 VLAN interfaces,6,0.46,2/11/2021 9:10,Bryan Ibarra,5,4.50
4,1727164,0,PA-220,aggregate interface ae1.666 can not be reached from LAN,1748572,can not assign IP on interface,0,0.44,2/24/2021 8:18,Neeraj Vimal,5,0.00
8,1725876,0,PA-220,commit is failing on the FW,1725876,commit is failing on the FW,0,1,2/2/2021 10:37,Neeraj Vimal,6,0.00
8,1725876,0,PA-220,commit is failing on the FW,1852408,Auto commit fail,1,0.87,6/8/2021 8:24,Chandan Prakash Ray,6,0.00
8,1725876,0,PA-220,commit is failing on the FW,1720914,Commit error,15,0.67,1/28/2021 0:48,Shivam Thakur,6,9.19
8,1725876,0,PA-220,commit is failing on the FW,1840950,Autocommit is failing,1,0.67,5/26/2021 6:44,Shivam Thakur,6,0.00
8,1725876,0,PA-220,commit is failing on the FW,1839673,The Radius authentication is failing,0,0.58,5/25/2021 11:45,Bhavjeet Singh,6,0.00
8,1725876,0,PA-220,commit is failing on the FW,1874350,Device fails to power on,22,0.58,6/29/2021 13:22,Pradeep Kumar,6,16.19
8,1725876,0,PA-220,commit is failing on the FW,1790810,software updates failing,2,0.58,4/7/2021 6:15,Shivam Thakur,6,0.00
8,1725876,0,PA-220,commit is failing on the FW,1853844,failed to retrieve license,2,0.58,6/9/2021 8:15,Vijay Ombahadur Singh,6,0.00
8,1725876,0,PA-220,commit is failing on the FW,1869423,Unable to commit to the device from Panorama.,0,0.52,6/23/2021 17:38,Sourav Ranjan,6,0.00
8,1725876,0,PA-220,commit is failing on the FW,1773064,Telemetry Failed to send: file,0,0.52,3/19/2021 7:00,Deepak Modi,6,0.00
8,1725876,0,PA-220,commit is failing on the FW,1822437,Auth Code renew failed,3,0.52,5/8/2021 16:30,Surinder Singh,6,0.00
8,1725876,0,PA-220,commit is failing on the FW,1832542,"Attempts to commit changes from Panorama to firewall (HA) is failing with error ""Error: application `umas base`"" not found",14,0.5,5/18/2021 17:19,Santosh Kumar,6,8.19
8,1725876,0,PA-220,commit is failing on the FW,1790013,Global Protect VPN Connection Failed,0,0.47,4/6/2021 11:28,Fabio Aguilar,6,0.00
8,1725876,0,PA-220,commit is failing on the FW,1794192,Commit preview showing delete that I didn't do.,12,0.47,4/9/2021 17:42,Sandeep Roy,6,6.19
8,1725876,0,PA-220,commit is failing on the FW,1747886,Phones are not getting registered after failing over to secondary ISP.,0,0.44,2/23/2021 16:19,Sourav Ranjan,6,0.00
8,1725876,0,PA-220,commit is failing on the FW,1846213,logging service forwarding certificate fetch   FAILED,21,0.44,6/1/2021 23:42,Pradeep Kumar,6,15.19
11,1742725,0,PA-220,Requirement to add a static route to point a subnet to an interface,1742725,Requirement to add a static route to point a subnet to an interface,0,1,2/18/2021 7:37,Vasisht Subramanian,7,0.00
11,1742725,0,PA-220,Requirement to add a static route to point a subnet to an interface,1738875,New interface configuration and routing.,8,0.47,2/15/2021 5:43,Wallace Aguero,7,5.33
11,1742725,0,PA-220,Requirement to add a static route to point a subnet to an interface,1827435,"Static path route restoration was not working,",0,0.43,5/13/2021 10:55,Bhavjeet Singh,7,0.00
14,1743097,0,PA-220,Duplicate of 01743133,1743097,Duplicate of 01743133,0,1,2/18/2021 11:46,Vasisht Subramanian,8,0.00
14,1743097,0,PA-220,Duplicate of 01743133,1791214,Duplicate of 01790969,1,0.67,4/7/2021 10:28,Vasisht Subramanian,8,0.00
14,1743097,0,PA-220,Duplicate of 01743133,1779639,#Duplicate case of 01779524,0,0.58,3/25/2021 4:35,Shivam Thakur,8,0.00
14,1743097,0,PA-220,Duplicate of 01743133,1699742,duplicate case for #01695881.,0,0.58,1/6/2021 1:45,Soubhik Das,8,0.00
14,1743097,0,PA-220,Duplicate of 01743133,1827697,Duplicate of case # 01827194,0,0.58,5/13/2021 14:23,Tanmoy Kumbhakar,8,0.00
14,1743097,0,PA-220,Duplicate of 01743133,1722357,duplicate case of #01715994,0,0.58,1/29/2021 5:55,Vishesh Gupta,8,0.00
14,1743097,0,PA-220,Duplicate of 01743133,1787126,Duplicate of case#<01787132>,11,0.58,4/1/2021 23:43,Ragavi Lakshminarayanan,8,9.91
14,1743097,0,PA-220,Duplicate of 01743133,1781166,Duplicate case of 01781102,0,0.58,3/26/2021 8:18,Dinesh Ram,8,0.00
14,1743097,0,PA-220,Duplicate of 01743133,1826618,Duplicate of case # 01826595,0,0.58,5/12/2021 14:58,Tanmoy Kumbhakar,8,0.00
14,1743097,0,PA-220,Duplicate of 01743133,1748358,Duplicate case of 01747151,0,0.58,2/24/2021 5:44,Dinesh Ram,8,0.00
14,1743097,0,PA-220,Duplicate of 01743133,1860463,Duplicate case 01858945,0,0.58,6/15/2021 10:05,Abhishek Mishra,8,0.00
15,1736535,0,PA-220,New Phone Case,1736535,New Phone Case,0,1,2/11/2021 10:06,Vasisht Subramanian,9,0.00
15,1736535,0,PA-220,New Phone Case,1733674,New Phone Case,14,1,2/9/2021 10:43,Vivek Kumar,9,6.33
15,1736535,0,PA-220,New Phone Case,1711218,New Phone Case,0,1,1/18/2021 9:28,Armando Garita,9,0.00
15,1736535,0,PA-220,New Phone Case,1762399,New Phone Case,0,1,3/9/2021 15:11,Sourav Ranjan,9,0.00
15,1736535,0,PA-220,New Phone Case,1777354,New Phone Case,23,1,3/23/2021 17:55,Ashif Patel,9,15.33
15,1736535,0,PA-220,New Phone Case,1803274,New Phone Case,0,1,4/19/2021 10:57,Dinesh Ram,9,0.00
15,1736535,0,PA-220,New Phone Case,1738210,New Phone Case,21,1,2/12/2021 22:04,Satish Kumar,9,13.33
15,1736535,0,PA-220,New Phone Case,1769581,New Phone Case,0,1,3/16/2021 14:44,Bhavjeet Singh,9,0.00
15,1736535,0,PA-220,New Phone Case,1730551,New Phone Case,19,1,2/5/2021 19:18,Vagadia Brijesh,9,11.33
15,1736535,0,PA-220,New Phone Case,1777114,New Phone Case,1,1,3/23/2021 13:23,Neeraj Vimal,9,0.00
15,1736535,0,PA-220,New Phone Case,1787786,New Phone Case,1,1,4/3/2021 20:38,Shreelatha Sathyanarayana,9,0.00
15,1736535,0,PA-220,New Phone Case,1704505,New Phone Case,16,1,1/11/2021 15:53,Navinkumar Pottavathini,9,8.33
15,1736535,0,PA-220,New Phone Case,1832103,New Phone Case,0,1,5/18/2021 10:22,Sourav Ranjan,9,0.00
15,1736535,0,PA-220,New Phone Case,1810209,New Phone Case,15,1,4/26/2021 10:54,Jason Oviedo,9,7.33
15,1736535,0,PA-220,New Phone Case,1880590,New Phone Case,3,1,7/6/2021 11:39,Marco Vargas,9,0.00
15,1736535,0,PA-220,New Phone Case,1801752,New Phone Case,4,1,4/16/2021 15:16,Sakshi Srivastava,9,0.00
15,1736535,0,PA-220,New Phone Case,1763481,New Phone Case,9,1,3/10/2021 12:17,Guillermo Alvarado,9,1.33
15,1736535,0,PA-220,New Phone Case,1817714,New Phone Case,6,1,5/4/2021 10:42,Tanmoy Kumbhakar,9,0.00
15,1736535,0,PA-220,New Phone Case,1744754,New Phone Case,6,1,2/19/2021 15:16,Guillermo Alvarado,9,0.00
15,1736535,0,PA-220,New Phone Case,1759285,New Phone Case,12,1,3/5/2021 16:59,Amit Rathore,9,4.33
15,1736535,0,PA-220,New Phone Case,1713412,New Phone Case,0,1,1/20/2021 10:14,Vasisht Subramanian,9,0.00
15,1736535,0,PA-220,New Phone Case,1799086,New Phone Case,0,1,4/14/2021 19:16,Sourav Ranjan,9,0.00
15,1736535,0,PA-220,New Phone Case,1775268,New Phone Case,0,1,3/22/2021 11:58,Pranav Kumar,9,0.00
15,1736535,0,PA-220,New Phone Case,1791152,New Phone Case,13,1,4/7/2021 9:59,Vivek Kumar,9,5.33
15,1736535,0,PA-220,New Phone Case,1865544,New Phone Case,3,1,6/20/2021 11:07,Mauricio Molina,9,0.00
15,1736535,0,PA-220,New Phone Case,1865451,New Phone Case,3,1,6/19/2021 22:22,Sakshi Srivastava,9,0.00
15,1736535,0,PA-220,New Phone Case,1744435,New Phone Case,3,1,2/19/2021 9:55,Ricardo Monge,9,0.00
15,1736535,0,PA-220,New Phone Case,1719216,New ISP Implementation,2,0.5,1/26/2021 12:51,Chandra Babu,9,0.00
15,1736535,0,PA-220,New Phone Case,1707668,ReOpen Case 01670484,1,0.5,1/13/2021 22:27,Shivam Thakur,9,0.00
15,1736535,0,PA-220,New Phone Case,1764903,Verify configuration for new isp,0,0.45,3/11/2021 10:26,Abhishek Mishra,9,0.00
15,1736535,0,PA-220,New Phone Case,1881864,This case is for secure file transfer only,31,0.45,7/7/2021 11:46,Bryan Herrera,9,23.33
15,1736535,0,PA-220,New Phone Case,1793667,One way audio on phones,19,0.45,4/9/2021 8:22,Ashutosh Trivedi,9,11.33
15,1736535,0,PA-220,New Phone Case,1748481,Adding new Subnet to Network,10,0.45,2/24/2021 7:20,Sandeep Singh,9,2.33
15,1736535,0,PA-220,New Phone Case,1722507,Request for new/working URLs for EDL,12,0.41,1/29/2021 8:17,Jose Pablo Rojas,9,4.33
15,1736535,0,PA-220,New Phone Case,1871812,Awaiting Case details from Customer side,12,0.41,6/26/2021 8:10,Sakshi Srivastava,9,4.33
15,1736535,0,PA-220,New Phone Case,1740506,Creating tunnel at new branch location,17,0.41,2/16/2021 11:32,Mayank Nagpal,9,9.33
17,1748474,0,PA-220,DNS proxy not working for Microsoft website,1748474,DNS proxy not working for Microsoft website,0,1,2/24/2021 7:16,Neeraj Vimal,10,0.00
17,1748474,0,PA-220,DNS proxy not working for Microsoft website,1818675,Some websites are not working,0,0.71,5/5/2021 7:07,Saurabh Kumar,10,0.00
17,1748474,0,PA-220,DNS proxy not working for Microsoft website,1839541,DNS Proxy Help,0,0.61,5/25/2021 10:12,Hazim Hafeez,10,0.00
17,1748474,0,PA-220,DNS proxy not working for Microsoft website,1699928,DNS Proxy Questions,6,0.61,1/6/2021 6:25,Tanmoy Kumbhakar,10,0.00
17,1748474,0,PA-220,DNS proxy not working for Microsoft website,1706562,assistance for the DNS proxy configurations.,10,0.55,1/13/2021 6:57,Fabio Aguilar,10,3.06
17,1748474,0,PA-220,DNS proxy not working for Microsoft website,1725801,DNS proxy not resolving some addresses,1,0.55,2/2/2021 9:45,Christian Coronado,10,0.00
17,1748474,0,PA-220,DNS proxy not working for Microsoft website,1814053,DNS resolution is not working intermittently,15,0.55,4/29/2021 11:32,Tanmoy Kumbhakar,10,8.06
17,1748474,0,PA-220,DNS proxy not working for Microsoft website,1867057,Failover not working,0,0.47,6/21/2021 21:19,Sourav Ranjan,10,0.00
17,1748474,0,PA-220,DNS proxy not working for Microsoft website,1867054,Failover not working,10,0.47,6/21/2021 21:15,Saurabh Kumar,10,3.06
17,1748474,0,PA-220,DNS proxy not working for Microsoft website,1860967,"DNS Proxy Failures, Connection Refused to Cloud Server",10,0.43,6/15/2021 20:29,HarshavardhanReddy ThambiReddy,10,3.06
17,1748474,0,PA-220,DNS proxy not working for Microsoft website,1825721,Issue on configuration Dns Proxy rule (Query type=SRV),2,0.41,5/12/2021 3:34,Jose Arana,10,0.00
17,1748474,0,PA-220,DNS proxy not working for Microsoft website,1760711,QoS not working as expected,2,0.41,3/8/2021 12:21,Tanmoy Kumbhakar,10,0.00
17,1748474,0,PA-220,DNS proxy not working for Microsoft website,1843592,unable to access a website,7,0.41,5/28/2021 9:56,Vijay Ombahadur Singh,10,0.06
17,1748474,0,PA-220,DNS proxy not working for Microsoft website,1872085,load balancing is not working,10,0.41,6/27/2021 16:07,Vipinraj Thiyyapurushothaman,10,3.06
17,1748474,0,PA-220,DNS proxy not working for Microsoft website,1813742,Path monitoring not working,11,0.41,4/29/2021 7:42,Deepak Modi,10,4.06
17,1748474,0,PA-220,DNS proxy not working for Microsoft website,1805803,Add DNS suffix,14,0.41,4/21/2021 10:01,Sijo Georjekutty,10,7.06
17,1748474,0,PA-220,DNS proxy not working for Microsoft website,1791416,dynamic updates not working,1,0.41,4/7/2021 12:41,Vasisht Subramanian,10,0.00
17,1748474,0,PA-220,DNS proxy not working for Microsoft website,1741165,Applications not working on VPN,26,0.41,2/17/2021 3:38,Giancarlo Mathieu,10,19.06
19,1750026,0,PA-220,verifying the routing database,1750026,verifying the routing database,0,1,2/25/2021 10:17,Neeraj Vimal,11,0.00
19,1750026,0,PA-220,verifying the routing database,1843792,Routing assistance requested,0,0.5,5/28/2021 13:54,Jorge Orozco,11,0.00
19,1750026,0,PA-220,verifying the routing database,1740787,Unable to route outbound,3,0.5,2/16/2021 16:31,Carlos Rojas,11,0.00
19,1750026,0,PA-220,verifying the routing database,1773162,Need help with the dynamic routing,11,0.45,3/19/2021 8:17,Abhishek Mishra,11,5.71
19,1750026,0,PA-220,verifying the routing database,1699031,How to delay the routing failover time,18,0.45,1/5/2021 11:50,Tanmoy Kumbhakar,11,12.71
19,1750026,0,PA-220,verifying the routing database,1775390,Added Proxy ID and route is not added with Ip sec tunnel,2,0.41,3/22/2021 13:12,Mataprasad Verma,11,0.00
19,1750026,0,PA-220,verifying the routing database,1795050,Need RCA for the routing outage on 2021 04 10 05:24:59.,3,0.41,4/12/2021 7:13,Vivek Kumar,11,0.00
22,1770214,0,PA-220,Palo Alto 220 not communicating with panorama,1770214,Palo Alto 220 not communicating with panorama,0,1,3/17/2021 7:11,Mauricio Molina,12,0.00
22,1770214,0,PA-220,Palo Alto 220 not communicating with panorama,1712105,Remote Palo Alto FW Hard Down,8,0.55,1/19/2021 9:10,Fabio Aguilar,12,0.00
22,1770214,0,PA-220,Palo Alto 220 not communicating with panorama,1773514,HA on Pan 220,45,0.47,3/19/2021 13:13,Sandeep Roy,12,26.57
22,1770214,0,PA-220,Palo Alto 220 not communicating with panorama,1767854,PA 220 upgrade 8.1.10 to 8.1.18,0,0.47,3/15/2021 15:06,Damini Singh,12,0.00
22,1770214,0,PA-220,Palo Alto 220 not communicating with panorama,1780213,"Second Device in HA pair will not communicate to Panorama, lost visibility",28,0.43,3/25/2021 11:30,Ashutosh Prajapati,12,9.57
22,1770214,0,PA-220,Palo Alto 220 not communicating with panorama,1699868,Issue with IPSec site to site between Palo Alto Networks firewall and Cisco,34,0.41,1/6/2021 5:24,Jonathan Scott,12,15.57
22,1770214,0,PA-220,Palo Alto 220 not communicating with panorama,1717601,unexpected reboot for PA 220,14,0.41,1/25/2021 8:10,Vishesh Gupta,12,0.00
25,1788520,0,PA-220,LDAP Server is sending Client reset to Palo when User is trying to authenticate,1788520,LDAP Server is sending Client reset to Palo when User is trying to authenticate,0,1,4/5/2021 12:04,Pranav Kumar,13,0.00
25,1788520,0,PA-220,LDAP Server is sending Client reset to Palo when User is trying to authenticate,1807165,Users not able to authenticate from the LDAP server when connecting through GP,0,0.6,4/22/2021 6:54,Ankur Chauhan,13,0.00
25,1788520,0,PA-220,LDAP Server is sending Client reset to Palo when User is trying to authenticate,1804841,LDAP admin authentication,0,0.47,4/20/2021 15:08,Vasisht Subramanian,13,0.00
29,1790928,0,PA-220,WAN IP changed by ISP,1790928,WAN IP changed by ISP,0,1,4/7/2021 7:48,Neeraj Vimal,14,0.00
29,1790928,0,PA-220,WAN IP changed by ISP,1856468,how to change WAN IP,5,0.87,6/11/2021 1:20,Umar Bashir,14,0.00
29,1790928,0,PA-220,WAN IP changed by ISP,1712987,"Intermittent WAN access , multiple ISP's, Data plane 100%",12,0.5,1/20/2021 3:43,Jonathan Scott,14,4.36
29,1790928,0,PA-220,WAN IP changed by ISP,1839623,ISP failover is not happening,8,0.5,5/25/2021 11:08,Sijo Georjekutty,14,0.36
29,1790928,0,PA-220,WAN IP changed by ISP,1722710,SD WAN configuration questions,10,0.5,1/29/2021 10:50,Vivek Kumar,14,2.36
29,1790928,0,PA-220,WAN IP changed by ISP,1803024,Access to Palo over secondary ISP,2,0.45,4/19/2021 7:57,Faheem Mansoori,14,0.00
29,1790928,0,PA-220,WAN IP changed by ISP,1770097,DSCP Change within the firewall,23,0.45,3/17/2021 5:12,Pranav Krishna,14,15.36
29,1790928,0,PA-220,WAN IP changed by ISP,1722009,IPSec VPN Setup with Multiple ISP,6,0.41,1/28/2021 18:40,Avijit Sharma,14,0.00
29,1790928,0,PA-220,WAN IP changed by ISP,1747437,L2TP tunnel not established after NAT change,2,0.41,2/23/2021 10:32,Vasisht Subramanian,14,0.00
29,1790928,0,PA-220,WAN IP changed by ISP,1768785,can not reach web servers from secondary ISP,2,0.41,3/16/2021 6:55,Neeraj Vimal,14,0.00
29,1790928,0,PA-220,WAN IP changed by ISP,1869078,Not able to access internet after change of circuit.,14,0.41,6/23/2021 11:05,Anup Bhojagi,14,6.36
30,1777726,0,PA-220,Need assistance in configuring the secondary ISP configuration for redundancy.,1777726,Need assistance in configuring the secondary ISP configuration for redundancy.,0,1,3/23/2021 23:15,Tarun Krovi,15,0.00
30,1777726,0,PA-220,Need assistance in configuring the secondary ISP configuration for redundancy.,1842970,Need assistance to configure static IP,0,0.68,5/27/2021 19:39,Mohammad Aftabkhan,15,0.00
30,1777726,0,PA-220,Need assistance in configuring the secondary ISP configuration for redundancy.,1723250,need assistance to check configuration.,13,0.68,1/30/2021 16:30,Rahul Kumar,15,5.25
30,1777726,0,PA-220,Need assistance in configuring the secondary ISP configuration for redundancy.,1794044,Configuration Assistance,4,0.65,4/9/2021 13:25,Praveen Muralimohan,15,0.00
30,1777726,0,PA-220,Need assistance in configuring the secondary ISP configuration for redundancy.,1753027,Need assistance to configure DUAL ISP REDUNDANCY USING STATIC ROUTES PATH MONITORING FEATURE,11,0.63,3/1/2021 8:58,Deepak Modi,15,3.25
30,1777726,0,PA-220,Need assistance in configuring the secondary ISP configuration for redundancy.,1837072,Customer needs technical assistance in configuring the firewall,0,0.57,5/22/2021 17:25,Amit Rathore,15,0.00
30,1777726,0,PA-220,Need assistance in configuring the secondary ISP configuration for redundancy.,1794286,Need to configure load balancing ECMP and check internet not working from secondary ISP,4,0.57,4/10/2021 3:57,Manoj Kumar,15,0.00
30,1777726,0,PA-220,Need assistance in configuring the secondary ISP configuration for redundancy.,1878971,support on configuration with Dual ISP redundancy and load balancing,2,0.53,7/4/2021 23:04,Avijit Sharma,15,0.00
30,1777726,0,PA-220,Need assistance in configuring the secondary ISP configuration for redundancy.,1809398,Need to configure appliance with 0 Day configuration,0,0.51,4/25/2021 17:39,Nithish Ponnusamy,15,0.00
30,1777726,0,PA-220,Need assistance in configuring the secondary ISP configuration for redundancy.,1751910,Assistance in configuring vlan interface,4,0.51,2/26/2021 15:22,Sijo Georjekutty,15,0.00
30,1777726,0,PA-220,Need assistance in configuring the secondary ISP configuration for redundancy.,1744230,Need assistance configuring User Initiated Pre Logon connection,29,0.5,2/19/2021 6:48,Ashutosh Prajapati,15,21.25
30,1777726,0,PA-220,Need assistance in configuring the secondary ISP configuration for redundancy.,1718137,Need assistance with site to site VPN tunnel,11,0.46,1/25/2021 14:24,Nandakishor Punati,15,3.25
30,1777726,0,PA-220,Need assistance in configuring the secondary ISP configuration for redundancy.,1766590,Need Assistance Creative DHCP Interface,10,0.46,3/13/2021 13:55,Govind Pandit,15,2.25
30,1777726,0,PA-220,Need assistance in configuring the secondary ISP configuration for redundancy.,1754556,Configuring VLAN,0,0.44,3/2/2021 8:03,Dinesh Ram,15,0.00
30,1777726,0,PA-220,Need assistance in configuring the secondary ISP configuration for redundancy.,1800176,Need to configure Failover ISP and auto VPN failover Also Vlan for separate network as well.,33,0.44,4/15/2021 12:26,Pablo Calvo,15,25.25
30,1777726,0,PA-220,Need assistance in configuring the secondary ISP configuration for redundancy.,1755795,DHCP Configuration,0,0.44,3/3/2021 7:17,Dinesh Ram,15,0.00
30,1777726,0,PA-220,Need assistance in configuring the secondary ISP configuration for redundancy.,1718004,Initial Configuration,2,0.44,1/25/2021 12:43,Armando Carballo,15,0.00
30,1777726,0,PA-220,Need assistance in configuring the secondary ISP configuration for redundancy.,1710562,Dual ISP configuration. Firewall management inaccessible,17,0.43,1/17/2021 9:15,Sandeep Singh,15,9.25
30,1777726,0,PA-220,Need assistance in configuring the secondary ISP configuration for redundancy.,1738272,Statically route the server traffic to secondary ISP.,2,0.43,2/13/2021 6:30,Carlos Rodriguez,15,0.00
30,1777726,0,PA-220,Need assistance in configuring the secondary ISP configuration for redundancy.,1712550,Need assistance on implementation for overlapping IP on MPLS environment,13,0.43,1/19/2021 14:43,David Alfaro,15,5.25
33,1814142,0,PA-220,No MAC addresses from PA subinterfaces,1814142,No MAC addresses from PA subinterfaces,0,1,4/29/2021 12:34,Andrey Ramirez,16,0.00
33,1814142,0,PA-220,No MAC addresses from PA subinterfaces,1810073,"We do not see IP addresses in the ARP table, do see MAC addresses",4,0.61,4/26/2021 9:17,Joao Santos,16,0.00
33,1814142,0,PA-220,No MAC addresses from PA subinterfaces,1725673,Layer 2 MAC Security. What are PA's recommendations?,1,0.45,2/2/2021 8:37,Abhishek Kumar,16,0.00
33,1814142,0,PA-220,No MAC addresses from PA subinterfaces,1849798,DHCP is not providing IP address to one of the machine,0,0.41,6/4/2021 13:58,Sachin Upadhyay,16,0.00
33,1814142,0,PA-220,No MAC addresses from PA subinterfaces,1793834,DHCP client cleared IP address on interface,57,0.41,4/9/2021 10:24,Pranav Satish,16,45.50
33,1814142,0,PA-220,No MAC addresses from PA subinterfaces,1810529,Unable to locate IP Address configured on device,7,0.41,4/26/2021 15:41,Axel Arguello,16,0.00
34,1832579,0,PA-220,FW acting as DHCP server is unable to assign the IP address to user machines once the IPs are released.,1832579,FW acting as DHCP server is unable to assign the IP address to user machines once the IPs are released.,0,1,5/18/2021 18:32,Tarun Krovi,17,0.00
37,1755775,0,PA-220,Traffic was flowing on the wrong interface after upgrade,1755775,Traffic was flowing on the wrong interface after upgrade,0,1,3/3/2021 7:04,Vasisht Subramanian,18,0.00
37,1755775,0,PA-220,Traffic was flowing on the wrong interface after upgrade,1793652,SNMP manager reporting traffic on Palo Interface,26,0.46,4/9/2021 8:14,Nicolas Penarenas,18,19.25
37,1755775,0,PA-220,Traffic was flowing on the wrong interface after upgrade,1772159,Check interface usage.,0,0.41,3/18/2021 9:58,Vivek Kumar,18,0.00
37,1755775,0,PA-220,Traffic was flowing on the wrong interface after upgrade,1753189,BGP not establishing after upgrade 10.0.4,1,0.41,3/1/2021 11:05,Alvaro Taylor,18,0.00
39,1788506,0,PA-220,SMTP errors on MFP,1788506,SMTP errors on MFP,0,1,4/5/2021 11:49,Shubham Dhyani,19,0.00
39,1788506,0,PA-220,SMTP errors on MFP,1703021,DHCP Errors,15,0.58,1/8/2021 13:38,Manoj Kumar Sahoo,19,10.75
39,1788506,0,PA-220,SMTP errors on MFP,1735176,VPN login errors,1,0.5,2/10/2021 12:21,Armando Carballo,19,0.00
39,1788506,0,PA-220,SMTP errors on MFP,1858820,receive errors incrementing on eth1/3,1,0.45,6/14/2021 7:03,Vijay Ombahadur Singh,19,0.00
42,1711250,0,PA-220,Sync LDAP with PA-220 NGFW,1711250,Sync LDAP with PA 220 NGFW,0,1,1/18/2021 10:10,Kenneth Porras,20,0.00
42,1711250,0,PA-220,Sync LDAP with PA-220 NGFW,1772455,Sync Config,22,0.52,3/18/2021 13:35,Ashutosh Trivedi,20,11.00
45,1811258,0,PA-220,"Management gui is extremely slow to respond, CLI logon experiencing no problems.",1811258,"Management gui is extremely slow to respond, CLI logon experiencing no problems.",0,1,4/27/2021 9:19,Jason Oviedo,21,0.00
46,1739024,0,PA-220,Unable to reach Internet,1739024,Unable to reach Internet,0,1,2/15/2021 9:10,Sandeep Singh,22,0.00
46,1739024,0,PA-220,Unable to reach Internet,1822099,Unable to access internet,0,0.75,5/7/2021 13:09,Abhishek Mishra,22,0.00
46,1739024,0,PA-220,Unable to reach Internet,1830432,After a migration cannot reach to internet.,4,0.75,5/17/2021 11:02,Saurabh Kumar,22,1.05
46,1739024,0,PA-220,Unable to reach Internet,1740012,Unable to access internet,0,0.75,2/16/2021 5:31,Dinesh Ram,22,0.00
46,1739024,0,PA-220,Unable to reach Internet,1790969,Not able to reach to the internet,0,0.75,4/7/2021 8:08,Ankur Chauhan,22,0.00
46,1739024,0,PA-220,Unable to reach Internet,1801581,IoT Camera can not reach internet,1,0.67,4/16/2021 11:53,Tanmoy Kumbhakar,22,0.00
46,1739024,0,PA-220,Unable to reach Internet,1705780,Not able to reach to the internet from the voice zone.,0,0.61,1/12/2021 11:40,Ankur Chauhan,22,0.00
46,1739024,0,PA-220,Unable to reach Internet,1837440,internet not accessible,1,0.58,5/24/2021 0:36,Shivam Thakur,22,0.00
46,1739024,0,PA-220,Unable to reach Internet,1849775,One of the ip addresses in your network was not able to reach internet,0,0.57,6/4/2021 13:43,Bhavjeet Singh,22,0.00
46,1739024,0,PA-220,Unable to reach Internet,1810352,Some Public ip address on WAN interface not able to reach internet,0,0.53,4/26/2021 12:24,Deepak Modi,22,0.00
46,1739024,0,PA-220,Unable to reach Internet,1820619,unable to access GUI,4,0.5,5/6/2021 8:59,Vijay Ombahadur Singh,22,1.05
46,1739024,0,PA-220,Unable to reach Internet,1755928,Unable to bring up tunnel between sites,13,0.45,3/3/2021 8:30,Govind Pandit,22,10.05
46,1739024,0,PA-220,Unable to reach Internet,1838205,Not able to access the server on the internet,0,0.45,5/24/2021 12:40,Ankur Chauhan,22,0.00
46,1739024,0,PA-220,Unable to reach Internet,1735478,Unable to connect to the syslog server,0,0.45,2/10/2021 17:14,Sajin Thomas,22,0.00
46,1739024,0,PA-220,Unable to reach Internet,1769712,Configure VPN over a 4G Internet line,14,0.45,3/16/2021 17:18,Ashif Patel,22,11.05
46,1739024,0,PA-220,Unable to reach Internet,1760314,Cannot access internet from internal network,9,0.45,3/8/2021 8:03,Saurabh Kumar,22,6.05
46,1739024,0,PA-220,Unable to reach Internet,1787774,Unable to read the LCaaS cutomer information,11,0.41,4/3/2021 16:27,Sachin Upadhyay,22,8.05
46,1739024,0,PA-220,Unable to reach Internet,1874131,Unable to ping the interface ip on switch which is in same VLAN,0,0.41,6/29/2021 10:32,Abhishek Mishra,22,0.00
46,1739024,0,PA-220,Unable to reach Internet,1791318,Unable to download antivirus content update,2,0.41,4/7/2021 11:30,Damini Singh,22,0.00
46,1739024,0,PA-220,Unable to reach Internet,1842823,The google chrome is not able to access internet,0,0.41,5/27/2021 14:22,Bhavjeet Singh,22,0.00
49,1867742,0,PA-220,Firewall not showing connected in Panorama,1867742,Firewall not showing connected in Panorama,0,1,6/22/2021 10:23,Nikhil Sharma,23,0.00
49,1867742,0,PA-220,Firewall not showing connected in Panorama,1867451,Firewall doesnt sync with panorama,3,0.6,6/22/2021 6:50,Juan Carlos Solano,23,0.00
49,1867742,0,PA-220,Firewall not showing connected in Panorama,1811897,Replaced Firewall & Lost Tunnel Connectivity,61,0.55,4/27/2021 17:37,Josue Sancho,23,37.33
49,1867742,0,PA-220,Firewall not showing connected in Panorama,1705464,inconsistent connectivity,21,0.52,1/12/2021 8:15,Fabio Aguilar,23,0.00
49,1867742,0,PA-220,Firewall not showing connected in Panorama,1775276,SNMP Tool Showing Packet Discards in Firewall Interface,43,0.47,3/22/2021 12:02,Christian Coronado,23,19.33
49,1867742,0,PA-220,Firewall not showing connected in Panorama,1793410,cannot connect to the update server,14,0.45,4/9/2021 3:54,Shivam Thakur,23,0.00
64,1881651,0,PA-220,Need assitance on whitelisting the IP's,1881651,Need assitance on whitelisting the IP's,0,1,7/7/2021 9:09,Sachin Upadhyay,24,0.00
64,1881651,0,PA-220,Need assitance on whitelisting the IP's,1833850,Need to disable management access,0,0.45,5/19/2021 12:36,Anup Bhojagi,24,0.00
64,1881651,0,PA-220,Need assitance on whitelisting the IP's,1723970,The device rebooted on its own. Need to understand why.,14,0.45,2/1/2021 7:42,Jose Arana,24,9.33
68,1792850,0,PA-220,No internet on the firewall as well as on LAN network behind firewall,1792850,No internet on the firewall as well as on LAN network behind firewall,0,1,4/8/2021 12:44,Sachin Upadhyay,25,0.00
68,1792850,0,PA-220,No internet on the firewall as well as on LAN network behind firewall,1785357,Network compromised,48,0.44,3/31/2021 12:28,Harish Krishan,25,30.67
68,1792850,0,PA-220,No internet on the firewall as well as on LAN network behind firewall,1748194,Need to provide internet access on private network,4,0.43,2/24/2021 1:21,Manoj Kumar,25,0.00
76,1881023,0,PA-220,URL catogetry not resolved after upgrade the firewall.,1881023,URL catogetry not resolved after upgrade the firewall.,0,1,7/6/2021 21:25,Sourav Ranjan,26,0.00
76,1881023,0,PA-220,URL catogetry not resolved after upgrade the firewall.,1867873,Firewall became unresponsive after upgrading from 9.1.3 to 9.1.9,2,0.55,6/22/2021 12:04,Alvaro Taylor,26,0.00
76,1881023,0,PA-220,URL catogetry not resolved after upgrade the firewall.,1794987,url not accessible,15,0.47,4/12/2021 6:27,Shivam Thakur,26,9.33
81,1704050,0,PA-220,Not able to import the SSL certificate for global protect,1704050,Not able to import the SSL certificate for global protect,0,1,1/11/2021 9:13,Ankur Chauhan,27,0.00
81,1704050,0,PA-220,Not able to import the SSL certificate for global protect,1711202,Users are not able to access applications after connecting to global protect VPN,2,0.5,1/18/2021 9:04,Luis Romero,27,0.00
81,1704050,0,PA-220,Not able to import the SSL certificate for global protect,1739017,Not able to import device configuration to Panorama,0,0.46,2/15/2021 8:58,Ankur Chauhan,27,0.00
81,1704050,0,PA-220,Not able to import the SSL certificate for global protect,1844845,HIP Objects VPN Global Protect,3,0.46,5/31/2021 16:15,Jason Oviedo,27,0.00
81,1704050,0,PA-220,Not able to import the SSL certificate for global protect,1826514,DoS protection,15,0.44,5/12/2021 13:19,Ashif Patel,27,10.75
81,1704050,0,PA-220,Not able to import the SSL certificate for global protect,1873791,Want to know the Preferred release for Global protect,0,0.43,6/29/2021 6:41,Ankur Chauhan,27,0.00
81,1704050,0,PA-220,Not able to import the SSL certificate for global protect,1831713,Global protect not showing prompt for username and password,5,0.43,5/18/2021 5:44,Shivam Thakur,27,0.75
81,1704050,0,PA-220,Not able to import the SSL certificate for global protect,1851257,We have a firewall configured with a Global Protect portal but it cannot be reached.,9,0.43,6/7/2021 12:27,Dirk Monge,27,4.75
87,1714069,0,PA-220,QoS - Bandwidth utilisation,1714069,QoS   Bandwidth utilisation,0,1,1/21/2021 0:46,Yedhu Vayola,28,0.00
87,1714069,0,PA-220,QoS - Bandwidth utilisation,1764600,Bandwidth utilization,0,0.58,3/11/2021 7:18,Tanmoy Kumbhakar,28,0.00
88,1856177,0,PA-220,Want to know the preferred PAN OS release,1856177,Want to know the preferred PAN OS release,0,1,6/10/2021 15:38,Ankur Chauhan,29,0.00
88,1856177,0,PA-220,Want to know the preferred PAN OS release,1805850,Want to know the preferred release for global protect client,0,0.72,4/21/2021 10:26,Ankur Chauhan,29,0.00
91,1800790,0,PA-220,TCP SYN-ACK not reaching to end user | Packets being Blocked,1800790,TCP SYN ACK not reaching to end user | Packets being Blocked,0,1,4/15/2021 23:04,Deepak Kashyap,30,0.00
91,1800790,0,PA-220,TCP SYN-ACK not reaching to end user | Packets being Blocked,1751114,TCP Reuse end reason,7,0.45,2/26/2021 4:44,David Chavarria,30,3.50
92,1818677,0,PA-220,One of the user is not able to access the internal resources through GP.,1818677,One of the user is not able to access the internal resources through GP.,0,1,5/5/2021 7:07,Ankur Chauhan,31,0.00
92,1818677,0,PA-220,One of the user is not able to access the internal resources through GP.,1837697,Not able to access the internal server from outside zone.,0,0.57,5/24/2021 6:35,Ankur Chauhan,31,0.00
92,1818677,0,PA-220,One of the user is not able to access the internal resources through GP.,1728931,Incomplete and no access from one subnet on the network.,33,0.46,2/4/2021 11:02,Mauricio Molina,31,24.50
92,1818677,0,PA-220,One of the user is not able to access the internal resources through GP.,1724461,Not able to access remote machine via IPSEC,1,0.43,2/1/2021 13:16,Deepak Modi,31,0.00
99,1852206,0,PA-220,Want to set email alerts for system logs.,1852206,Want to set email alerts for system logs.,0,1,6/8/2021 6:33,Ankur Chauhan,32,0.00
99,1852206,0,PA-220,Want to set email alerts for system logs.,1778726,IPsec re key 24/7/365 on the system logs,3,0.46,3/24/2021 13:33,Amit Rathore,32,1.50
101,1751282,0,PA-220,Query regarding Upgradation of PAN OS for new RMA device received.,1751282,Query regarding Upgradation of PAN OS for new RMA device received.,0,1,2/26/2021 6:53,Ankur Chauhan,33,0.00
101,1751282,0,PA-220,Query regarding Upgradation of PAN OS for new RMA device received.,1876548,Software upgrade to PAN OS 9.1.8 and we are currently on 8.0.15 h3,0,0.45,7/1/2021 6:39,Bhavjeet Singh,33,0.00
110,1713073,0,PA-220,One Way Audio for SIP device,1713073,One Way Audio for SIP device,0,1,1/20/2021 6:11,Kumaradev Adikesavelu,34,0.00
110,1713073,0,PA-220,One Way Audio for SIP device,1738612,Device not powering on.,3,0.47,2/14/2021 20:41,Sourav Ranjan,34,0.00
110,1713073,0,PA-220,One Way Audio for SIP device,1703310,Site to Site VPN traffic not working one way,2,0.46,1/9/2021 11:11,Manikandan Narayanan,34,0.00
110,1713073,0,PA-220,One Way Audio for SIP device,1805019,device went down unexpectedly,18,0.41,4/20/2021 19:56,Mohammad Aftabkhan,34,10.60
110,1713073,0,PA-220,One Way Audio for SIP device,1813367,Device is generating more logs,14,0.41,4/28/2021 23:16,Surinder Singh,34,6.60
112,1795331,0,PA-220,Unable to get the GUI access of firewall via outside Ethernet interface and facing Global protect issue as well.,1795331,Unable to get the GUI access of firewall via outside Ethernet interface and facing Global protect issue as well.,0,1,4/12/2021 10:03,Ankur Chauhan,35,0.00
112,1795331,0,PA-220,Unable to get the GUI access of firewall via outside Ethernet interface and facing Global protect issue as well.,1720783,Unable to SSH to firewall or access it via management port (SNMP working via management),19,0.41,1/27/2021 20:22,Rahul Kumar,35,9.50
119,1700140,0,PA-220,Want to allow only login.microsoftonline.com url through global protect,1700140,Want to allow only login.microsoftonline.com url through global protect,0,1,1/6/2021 8:34,Ankur Chauhan,36,0.00
120,1709442,0,PA-220,need to investigate about high data usage on eth 1/1,1709442,need to investigate about high data usage on eth 1/1,0,1,1/15/2021 7:47,Vishesh Gupta,37,0.00
123,1740574,0,PA-220,not able to get to update server,1740574,not able to get to update server,0,1,2/16/2021 12:28,Vishesh Gupta,38,0.00
123,1740574,0,PA-220,not able to get to update server,1812364,Not able to fetch licenses,12,0.45,4/28/2021 6:14,Vasisht Subramanian,38,6.00
126,1852567,0,PA-220,Not able to upgrade to the latest PANOS version,1852567,Not able to upgrade to the latest PANOS version,0,1,6/8/2021 10:04,Bhavjeet Singh,39,0.00
127,1871167,0,PA-220,Can we query the logs using the python straight away instead of using the API,1871167,Can we query the logs using the python straight away instead of using the API,0,1,6/25/2021 7:20,Bhavjeet Singh,40,0.00
130,1726058,0,PA-220,Bloomberg traffic via vpn not working,1726058,Bloomberg traffic via vpn not working,0,1,2/2/2021 12:48,Deepak Modi,41,0.00
130,1726058,0,PA-220,Bloomberg traffic via vpn not working,1832073,Can't pass traffic over VPN,24,0.55,5/18/2021 10:08,Jose Valverde,41,9.00
130,1726058,0,PA-220,Bloomberg traffic via vpn not working,1868923,site to site VPN,27,0.47,6/23/2021 9:19,Bharath Mageeban,41,12.00
130,1726058,0,PA-220,Bloomberg traffic via vpn not working,1861487,Packets being lost across a VPN   users unable to work,16,0.43,6/16/2021 5:40,Vijayakumar Gnanamurthy,41,1.00
130,1726058,0,PA-220,Bloomberg traffic via vpn not working,1721103,Restricting vpn access,11,0.41,1/28/2021 5:41,Yeicol Corrales,41,0.00
130,1726058,0,PA-220,Bloomberg traffic via vpn not working,1722065,Site to Site SSL VPN,12,0.41,1/28/2021 20:22,Harish Krishan,41,0.00
135,1856007,0,PA-220,Call back request from case owner of case raiser earlier 01852307,1856007,Call back request from case owner of case raiser earlier 01852307,0,1,6/10/2021 12:56,Anup Bhojagi,42,0.00
143,1860535,0,PA-220,IPSEC encapsulation counter not incrementing but could notice increase in decap,1860535,IPSEC encapsulation counter not incrementing but could notice increase in decap,0,1,6/15/2021 11:07,Kaushik Dhanasekaran,43,0.00
152,1855178,1,PA-220,Unable to ping a destination from a specific source Vlan,1855178,Unable to ping a destination from a specific source Vlan,1,1,6/10/2021 4:42,Abhishek Mishra,44,0.00
152,1855178,1,PA-220,Unable to ping a destination from a specific source Vlan,1820160,Unable to ping next hub Ip address from firewall which is on same subnet/vlan,5,0.5,5/6/2021 3:29,Satish Kumar,44,2.00
154,1741573,1,PA-220,wildcard fqdn object,1741573,wildcard fqdn object,1,1,2/17/2021 8:47,Vishesh Gupta,45,0.00
154,1741573,1,PA-220,wildcard fqdn object,1711082,#Ticket SR 210341# FQDN object is not updated timely,7,0.57,1/18/2021 7:23,Soubhik Das,45,3.00
159,1809496,1,PA-220,Please recommend the suitable OS version for PA 3220,1809496,Please recommend the suitable OS version for PA 3220,1,1,4/25/2021 22:45,Shreelatha Sathyanarayana,46,0.00
160,1859232,1,PA-220,question on default router config,1859232,question on default router config,1,1,6/14/2021 11:23,Mirza Arif,47,0.00
162,1832182,1,PA-220,Customer support portal is not working,1832182,Customer support portal is not working,1,1,5/18/2021 11:15,Bhavjeet Singh,48,0.00
164,1777560,1,PA-220,ipv6 DHCP server configuration,1777560,ipv6 DHCP server configuration,1,1,3/23/2021 19:23,Joao Santos,49,0.00
164,1777560,1,PA-220,ipv6 DHCP server configuration,1791531,Customer wants all the interfaces of the firewall to get the ip address from the dhcp server configured on one of the interfaces of the firewall.,21,0.54,4/7/2021 14:22,Bhavjeet Singh,49,0.50
164,1777560,1,PA-220,ipv6 DHCP server configuration,1747736,DHCP Setup,10,0.52,2/23/2021 14:10,Sandeep Singh,49,0.00
164,1777560,1,PA-220,ipv6 DHCP server configuration,1832132,DHCP lease failover,50,0.45,5/18/2021 10:40,Amol Walde,49,29.50
167,1795039,1,PA-220,"VPN goes down and does not connect again.n another test, when the equipment is tu",1795039,"VPN goes down and does not connect again.n another test, when the equipment is tu",1,1,4/12/2021 7:07,Juan Quiros,50,0.00
174,1777096,1,PA-220,Isue with IPSEC connection between PA-220 and PA-5220,1777096,Isue with IPSEC connection between PA 220 and PA 5220,1,1,3/23/2021 13:10,Sijo Georjekutty,51,0.00
174,1777096,1,PA-220,Isue with IPSEC connection between PA-220 and PA-5220,1767768,IPSec only connects after PA 220 reboot but disconnects after a while and doens't come up until another reboot,22,0.54,3/15/2021 13:55,Juan Velez,51,7.67
174,1777096,1,PA-220,Isue with IPSEC connection between PA-220 and PA-5220,1808473,We are having issue connecting our PA 3220 to a branch PA 220 using a VPN connection between the two.,20,0.41,4/23/2021 8:00,Siddharth Shekhar,51,5.67
178,1764892,1,PA-220,OSPF will not re-establish after power loss.,1764892,OSPF will not re establish after power loss.,1,1,3/11/2021 10:19,Mauricio Molina,52,0.00
178,1764892,1,PA-220,OSPF will not re-establish after power loss.,1793433,looking for ospf establishment with neighbor,3,0.6,4/9/2021 4:31,Bryan Ibarra,52,0.00
178,1764892,1,PA-220,OSPF will not re-establish after power loss.,1699175,BGP/OSPF Redistribution,6,0.45,1/5/2021 13:40,Sachin Upadhyay,52,2.67
191,1839216,2,PA-220,Cannot access the server via port 443,1839216,Cannot access the server via port 443,2,1,5/25/2021 6:22,Amit Dhankhar,53,0.00
191,1839216,2,PA-220,Cannot access the server via port 443,1792976,Server Monitoring shows as access denied for some of the servers,25,0.5,4/8/2021 14:30,Ricardo Monge,53,11.50
196,1755116,2,PA-220,BGP Aggregation procedure seem cumbersome,1755116,BGP Aggregation procedure seem cumbersome,2,1,3/2/2021 14:35,Armando Aguilar,54,0.00
205,1868343,2,PA-220,<URGENT><PaloAlto RMA Req> NOS Ref# FS21060441(Qty:1),1868343,<URGENT><PaloAlto RMA Req> NOS Ref# FS21060441(Qty:1),2,1,6/22/2021 23:58,Vaishali Karnan,55,0.00
206,1761156,2,PA-220,Multiple DHCP Scopes Per Interface,1761156,Multiple DHCP Scopes Per Interface,2,1,3/8/2021 17:50,Santosh Kumar,56,0.00
206,1761156,2,PA-220,Multiple DHCP Scopes Per Interface,1759294,Unable to get the DHCP IP on the untrust interface ethernet1/1,3,0.46,3/5/2021 17:27,Soubhik Das,56,0.50
208,1869282,2,PA-220,Path Monitoring is not working as expected,1869282,Path Monitoring is not working as expected,2,1,6/23/2021 14:03,Bhavjeet Singh,57,0.00
209,1805931,2,PA-220,"While I was on avail , I got this case and I faced a power outage on my end. I even don't have the correct email address, mobile number, on this case. That's why closing this case.",1805931,"While I was on avail , I got this case and I faced a power outage on my end. I even don't have the correct email address, mobile number, on this case. That's why closing this case.",2,1,4/21/2021 11:21,Bhavjeet Singh,58,0.00
210,1873738,3,PA-220,BGP peering stuck in connect state,1873738,BGP peering stuck in connect state,3,1,6/29/2021 5:49,Nikhil Sharma,59,0.00
213,1738681,3,PA-220,Cant delete objects as getting error for maximum addresses limitation,1738681,Cant delete objects as getting error for maximum addresses limitation,3,1,2/15/2021 0:15,Shivam Thakur,60,0.00
214,1811251,3,PA-220,External IP with permitted IP,1811251,External IP with permitted IP,3,1,4/27/2021 9:14,Sachin Upadhyay,61,0.00
214,1811251,3,PA-220,External IP with permitted IP,1876179,Configure interface external with VLAN tagged,7,0.47,7/1/2021 0:43,Deepak Kashyap,61,1.40
214,1811251,3,PA-220,External IP with permitted IP,1856096,012801204620 | Need to confirm no WF notifications are being send to any external user,6,0.41,6/10/2021 13:58,Bryan Herrera,61,0.40
214,1811251,3,PA-220,External IP with permitted IP,1856083,012801195784 | Need to confirm no WF notifications are being send to any external user,6,0.41,6/10/2021 13:51,Bryan Herrera,61,0.40
214,1811251,3,PA-220,External IP with permitted IP,1856086,012801195886 | Need to confirm no WF notifications are being send to any external user,6,0.41,6/10/2021 13:53,Bryan Herrera,61,0.40
216,1760650,3,PA-220,We are changing the Internal interface IP address that acts as gateway to IX monitoring network at one of our hospitals. This firewall is PA-220.,1760650,We are changing the Internal interface IP address that acts as gateway to IX monitoring network at one of our hospitals. This firewall is PA 220.,3,1,3/8/2021 11:44,Jason Oviedo,62,0.00
220,1844452,3,PA-220,Reports not received,1844452,Reports not received,3,1,5/31/2021 2:05,Pradeep Kumar,63,0.00
220,1844452,3,PA-220,Reports not received,1847325,configuration auditing report/logs,15,0.52,6/2/2021 15:52,Faheem Mansoori,63,0.00
220,1844452,3,PA-220,Reports not received,1772486,"We Keep receiving this error ""url cloud connection failure""",39,0.41,3/18/2021 14:05,Fabio Aguilar,63,20.00
227,1787327,3,PA-220,DHCP reservations no longer assigning reliably.,1787327,DHCP reservations no longer assigning reliably.,3,1,4/2/2021 8:00,Alexander Moscoa,64,0.00
229,1864548,3,PA-220,Using Ericom Remote Browser Interface breaks TLS with multiple redirects,1864548,Using Ericom Remote Browser Interface breaks TLS with multiple redirects,3,1,6/18/2021 9:12,Carlos Rodriguez,65,0.00
233,1711133,3,PA-220,"Device will not fully boot, can not configure device",1711133,"Device will not fully boot, can not configure device",3,1,1/18/2021 8:03,Jose Pablo Rojas,66,0.00
233,1711133,3,PA-220,"Device will not fully boot, can not configure device",1812499,Configure Palo NGFW as a pass through device,7,0.55,4/28/2021 7:54,Ashutosh Trivedi,66,2.00
235,1743085,4,PA-220,"I am attempting to create a new network/zone imported from an ASA, but it is not behaving as expected. Need help troubleshooting the issue.",1743085,"I am attempting to create a new network/zone imported from an ASA, but it is not behaving as expected. Need help troubleshooting the issue.",4,1,2/18/2021 11:35,Mayank Nagpal,67,0.00
236,1857235,4,PA-220,Create SSL/TLS Profile and Cert for the same.,1857235,Create SSL/TLS Profile and Cert for the same.,4,1,6/11/2021 11:59,Vijay Ombahadur Singh,68,0.00
244,1752546,4,PA-220,Management Plane CPU 100 per cent,1752546,Management Plane CPU 100 per cent,4,1,3/1/2021 0:06,Shivam Thakur,69,0.00
244,1752546,4,PA-220,Management Plane CPU 100 per cent,1834724,High management plane CPU on passive firewall,32,0.57,5/20/2021 7:42,Ronny Loria,69,14.00
249,1779955,4,PA-220,Can't Setup Azure VPN - Error Related with IKE Gateway and Virtual Server,1779955,Can't Setup Azure VPN   Error Related with IKE Gateway and Virtual Server,4,1,3/25/2021 8:44,Vigneshnathan Loganathan,70,0.00
261,1721809,5,PA-220,SNMP Failure,1721809,SNMP Failure,5,1,1/28/2021 14:18,Murugan Sridhar,71,0.00
266,1762619,5,PA-220,Licensing API key value has expired - But all licenses are valid; FW is not syncing,1762619,Licensing API key value has expired   But all licenses are valid; FW is not syncing,5,1,3/9/2021 23:03,Pradeep Kumar,72,0.00
269,1728310,6,PA-220,Support required for maintenance activity,1728310,Support required for mainte ce activity,6,1,2/4/2021 1:15,Bollina Raja Manohar,73,0.00
269,1728310,6,PA-220,Support required for maintenance activity,1728305,Support required for mainte ce activity,6,1,2/4/2021 1:09,Bollina Raja Manohar,73,0.00
271,1727528,6,PA-220,disable stateful check between pair of hosts,1727528,disable stateful check between pair of hosts,6,1,2/3/2021 10:09,Katherine Rodriguez,74,0.00
272,1762121,6,PA-220,Disconnects every 30 days,1762121,Disconnects every 30 days,6,1,3/9/2021 11:22,Christian Coronado,75,0.00
272,1762121,6,PA-220,Disconnects every 30 days,1819434,OSPF adjacency is going down every 10 minutes,7,0.41,5/5/2021 16:05,Jorge Orozco,75,0.50
273,1720653,6,PA-220,Cant AE to Meraki MS-350,1720653,Cant AE to Meraki MS 350,6,1,1/27/2021 16:17,Aniruddh Saxena,76,0.00
273,1720653,6,PA-220,Cant AE to Meraki MS-350,1873150,VPN tunnel down with Meraki peer device,17,0.41,6/28/2021 13:15,Sijo Georjekutty,76,5.50
274,1727661,6,PA-220,PA220 Dynamic to PA3220 Static - VPN - No Split-Tunneling,1727661,PA220 Dynamic to PA3220 Static   VPN   No Split Tunneling,6,1,2/3/2021 11:36,Armando Carballo,77,0.00
286,1718634,7,PA-220,No dot1Q sub interface with PPPOE,1718634,No dot1Q sub interface with PPPOE,7,1,1/26/2021 6:21,Ronny Loria,78,0.00
286,1718634,7,PA-220,No dot1Q sub interface with PPPOE,1794033,We have a very high amount of flow_rcv_dot1q_tag_err and flow_no_interface drops,53,0.42,4/9/2021 13:20,Santosh Kolanji,78,23.00
294,1803110,7,PA-220,APP-ID for AWS S3 Bucket Upload,1803110,APP ID for AWS S3 Bucket Upload,7,1,4/19/2021 8:47,Katherine Rodriguez,79,0.00
296,1740079,7,PA-220,PBF Performance,1740079,PBF Performance,7,1,2/16/2021 6:36,Rohit Singh,80,0.00
297,1777149,7,PA-220,Research a recent link outage and determine cause,1777149,Research a recent link outage and determine cause,7,1,3/23/2021 13:43,Pablo Calvo,81,0.00
297,1777149,7,PA-220,Research a recent link outage and determine cause,1722115,Flapping and Outage,10,0.44,1/28/2021 22:28,Vijayakumar Gnanamurthy,81,1.50
298,1875112,7,PA-220,"""flow_tcp_non_syn_drop"" incrementing and return SYN-ACK being dropped despite no asymmetric routing",1875112,"""flow_tcp_non_syn_drop"" incrementing and return SYN ACK being dropped despite no asymmetric routing",7,1,6/30/2021 8:00,Shivam Thakur,82,0.00
301,1842562,7,PA-220,Configuring untagged interface with tagged subinterface - will it work?,1842562,Configuring untagged interface with tagged subinterface   will it work?,7,1,5/27/2021 10:18,Mirza Arif,83,0.00
304,1855395,8,PA-220,OCSP responder,1855395,OCSP responder,8,1,6/10/2021 7:24,Vijay Ombahadur Singh,84,0.00
305,1851069,8,PA-220,"experienced a 15 minute network outage and also received an alert ""critical : Out of memory condition detected, kill process""",1851069,"experienced a 15 minute network outage and also received an alert ""critical : Out of memory condition detected, kill process""",8,1,6/7/2021 10:17,Nachiket Mandakhalikar,85,0.00
305,1851069,8,PA-220,"experienced a 15 minute network outage and also received an alert ""critical : Out of memory condition detected, kill process""",1719493,Network outage duration of 10 minutes,12,0.48,1/26/2021 17:37,Surinder Singh,85,2.00
307,1859157,8,PA-220,remote site facing slowness in network,1859157,remote site facing slowness in network,8,1,6/14/2021 10:38,Vijayakumar Gnanamurthy,86,0.00
308,1834907,8,PA-220,Blank call,1834907,Blank call,8,1,5/20/2021 9:50,Saurabh Kumar,87,0.00
308,1834907,8,PA-220,Blank call,1807610,Blank call,10,1,4/22/2021 11:40,Saurabh Kumar,87,1.00
314,1748691,9,PA-220,Trying to apply a static NAT for LDAPS for external email provider.,1748691,Trying to apply a static NAT for LDAPS for external email provider.,9,1,2/24/2021 9:31,Pradeep Bangari,88,0.00
315,1712811,9,PA-220,Session flagged incomplete,1712811,Session flagged incomplete,9,1,1/19/2021 22:33,Wallace Aguero,89,0.00
319,1798293,9,PA-220,Site 2 site vpn not staying active,1798293,Site 2 site vpn not staying active,9,1,4/14/2021 9:27,Katherine Rodriguez,90,0.00
319,1798293,9,PA-220,Site 2 site vpn not staying active,1760365,Office365 activation through GlobalProtect VPN,11,0.6,3/8/2021 8:30,Christopher Ramirez,90,0.33
319,1798293,9,PA-220,Site 2 site vpn not staying active,1697047,Site to site VPN not pinging across,12,0.6,1/3/2021 17:56,Kevin Zamora,90,1.33
321,1704345,9,PA-220,stopped responding to pings and do not seem to create MAC tables or ARP correctly.,1704345,stopped responding to pings and do not seem to create MAC tables or ARP correctly.,9,1,1/11/2021 13:27,Armando Aguilar,91,0.00
322,1825211,10,PA-220,We cant route traffic through a 2nd virtual router,1825211,We cant route traffic through a 2nd virtual router,10,1,5/11/2021 12:31,Nishant Tikoo,92,0.00
325,1798819,10,PA-220,packet loss on tagged network,1798819,packet loss on tagged network,10,1,4/14/2021 16:03,Anoop Alex,93,0.00
334,1870102,10,PA-220,Interface shows different ip on the GUI vs CLI,1870102,Interface shows different ip on the GUI vs CLI,10,1,6/24/2021 8:16,Ashutosh Prajapati,94,0.00
337,1741073,10,PA-220,Packet Buffer Congestion high without any hints [ref:_00D20KflM._5002p2R73UM:ref],1741073,Packet Buffer Congestion high without any hints [ref:_00D20KflM._5002p2R73UM:ref],10,1,2/17/2021 1:28,Alexander Moscoa,95,0.00
346,1728285,11,PA-220,How many users P220 can support?,1728285,How many users P220 can support?,11,1,2/4/2021 0:48,Sakshi Srivastava,96,0.00
357,1781233,12,PA-220,Dynamic updates freezing when installing,1781233,Dynamic updates freezing when installing,12,1,3/26/2021 9:10,Christian Coronado,97,0.00
362,1814940,12,PA-220,Need help setting up VPN tunnel for new fiber connection,1814940,Need help setting up VPN tunnel for new fiber connection,12,1,4/30/2021 9:32,Anup Bhojagi,98,0.00
362,1814940,12,PA-220,Need help setting up VPN tunnel for new fiber connection,1855493,Need help setup VPN with AAD accounts if possible,25,0.47,6/10/2021 8:18,Fabio Aguilar,98,0.00
362,1814940,12,PA-220,Need help setting up VPN tunnel for new fiber connection,1813055,Help implement 50Mbs QoS on our fiber connection at branch office.,42,0.44,4/28/2021 14:23,Siddharth Shekhar,98,15.67
365,1862971,12,PA-220,No Application visible in SaaS Security inline,1862971,No Application visible in SaaS Security inline,12,1,6/17/2021 6:57,Bryan Herrera,99,0.00
367,1861792,13,PA-220,Unable to establish VPN tunner with DHCP firewall peer,1861792,Unable to establish VPN tunner with DHCP firewall peer,13,1,6/16/2021 8:48,Alvaro Taylor,100,0.00
369,1793607,13,PA-220,Cannot ping next hop,1793607,Cannot ping next hop,13,1,4/9/2021 7:45,Jorge Van Der Laat,101,0.00
369,1793607,13,PA-220,Cannot ping next hop,1810741,Path monitoring failed for static route destination 0.0.0.0/0 with next hop 161.49.166.241. Route removed.,15,0.42,4/26/2021 23:29,Avijit Sharma,101,1.00
381,1748207,13,PA-220,Direct Connected Interface Not reachable,1748207,Direct Connected Interface Not reachable,13,1,2/24/2021 1:44,Pranav Krishna,102,0.00
384,1811310,14,PA-220,Problemas autorización APP Anydesk,1811310,Problemas autorización APP Anydesk,14,1,4/27/2021 9:49,Jose Pablo Rojas,103,0.00
389,1708403,14,PA-220,User-id Agent has 65000 entries on the firewall but only 700 on DC,1708403,User id Agent has 65000 entries on the firewall but only 700 on DC,14,1,1/14/2021 8:55,Thanveer Ahammed,104,0.00
390,1712284,14,PA-220,Can't assign subinterface or VLAN on Virtual Wire,1712284,Can't assign subinterface or VLAN on Virtual Wire,14,1,1/19/2021 11:16,Vivek Kumar,105,0.00
392,1736996,14,PA-220,DNS requests are not going through the GP connection,1736996,DNS requests are not going through the GP connection,14,1,2/11/2021 16:49,Vagadia Brijesh,106,0.00
392,1736996,14,PA-220,DNS requests are not going through the GP connection,1802897,Requesting for the information.,28,0.52,4/19/2021 6:22,Lester Montenegro,106,7.00
398,1767246,14,PA-220,LACP Port channel randomly drops betweeen our PA-220 firewalls and Cisco switches.,1767246,LACP Port channel randomly drops betweeen our PA 220 firewalls and Cisco switches.,14,1,3/15/2021 7:49,Jose Arana,107,0.00
399,1718845,14,PA-220,Will removing local / peer IKE ID cause service interruption?,1718845,Will removing local / peer IKE ID cause service interruption?,14,1,1/26/2021 8:51,Juan Carlos Mora,108,0.00
400,1772450,14,PA-220,VPN tunnel is dropping throughout the day. Looking to identify root cause as we're not seeing issues with connectivity to the remote peer IP.,1772450,VPN tunnel is dropping throughout the day. Looking to identify root cause as we're not seeing issues with connectivity to the remote peer IP.,14,1,3/18/2021 13:30,Daniel Lobo,109,0.00
402,1739023,15,PA-220,BGP Adjacency Dropping During Failover,1739023,BGP Adjacency Dropping During Failover,15,1,2/15/2021 9:09,Jose Valverde,110,0.00
402,1739023,15,PA-220,BGP Adjacency Dropping During Failover,1751889,PBR early failover,46,0.45,2/26/2021 14:46,Jason Oviedo,110,15.50
403,1713976,15,PA-220,"Basic configuration assistance, want to access firewall from outside",1713976,"Basic configuration assistance, want to access firewall from outside",15,1,1/20/2021 22:40,Bollina Raja Manohar,111,0.00
410,1855369,15,PA-220,The HA license is not replicated across the 2nd firewall...,1855369,The HA license is not replicated across the 2nd firewall...,15,1,6/10/2021 7:03,Bryan Herrera,112,0.00
419,1783883,16,PA-220,Custom Application Definition Not Recognized,1783883,Custom Application Definition Not Recognized,16,1,3/30/2021 10:05,Alvaro Taylor,113,0.00
423,1742799,16,PA-220,PXE boot not working for DHCP,1742799,PXE boot not working for DHCP,16,1,2/18/2021 8:19,Juan Carlos Mora,114,0.00
423,1742799,16,PA-220,PXE boot not working for DHCP,1721908,DHCP relay for PXE boot,22,0.8,1/28/2021 16:09,Vigneshnathan Loganathan,114,3.00
424,1741445,16,PA-220,Firewall preferring iBGP to eBGP despite Admin Distance,1741445,Firewall preferring iBGP to eBGP despite Admin Distance,16,1,2/17/2021 7:35,Juan Carlos Mora,115,0.00
435,1821875,18,PA-220,"I noticed in the Threat monitoring tab a SSL Weak Cipher Suite Selection Vulnerability""",1821875,"I noticed in the Threat monitoring tab a SSL Weak Cipher Suite Selection Vulnerability""",18,1,5/7/2021 9:51,Ashutosh Trivedi,116,0.00
442,1814457,19,PA-220,Need some support to check routing and IPSec vpn configuration,1814457,Need some support to check routing and IPSec vpn configuration,19,1,4/29/2021 22:16,Amit Rathore,117,0.00
443,1738392,19,PA-220,Traffic Not Matching Rules Suddenly,1738392,Traffic Not Matching Rules Suddenly,19,1,2/13/2021 20:29,Shreelatha Sathyanarayana,118,0.00
446,1706326,21,PA-220,Specific URLs are inaccessible (Old Case # 01494258),1706326,Specific URLs are inaccessible (Old Case # 01494258),21,1,1/13/2021 1:44,Yedhu Vayola,119,0.00
447,1839076,21,PA-220,Mitigate Vulnerabilities,1839076,Mitigate Vulnerabilities,21,1,5/25/2021 4:06,Shivam Thakur,120,0.00
448,1726152,21,PA-220,VPN between two Palo NGFWs tunnel is up but IKE is down.,1726152,VPN between two Palo NGFWs tunnel is up but IKE is down.,21,1,2/2/2021 14:03,Kevin Zamora,121,0.00
453,1738765,21,PA-220,VPN tunnels wouldn't come up after testing tailback,1738765,VPN tunnels wouldn't come up after testing tailback,21,1,2/15/2021 2:30,Umar Bashir,122,0.00
453,1738765,21,PA-220,VPN tunnels wouldn't come up after testing tailback,1758101,VPN tunnels not coming up after firewall failover to passive unit,36,0.5,3/4/2021 15:21,Kumaradev Adikesavelu,122,7.50
455,1780232,21,PA-220,"I am trying to disclose the fixed networks of my VPN tunel, however it appears only from tunnel 1, and from tunnel 2 only a network card, attached is",1780232,"I am trying to disclose the fixed networks of my VPN tunel, however it appears only from tunnel 1, and from tunnel 2 only a network card, attached is",21,1,3/25/2021 11:46,Mauricio Molina,123,0.00
462,1846996,22,PA-220,Securing Inter-VLAN Traffic,1846996,Securing Inter VLAN Traffic,22,1,6/2/2021 11:14,Ketan Kushte,124,0.00
464,1739010,22,PA-220,unrecognized IKE phase-1 negotiation in the logs,1739010,unrecognized IKE phase 1 negotiation in the logs,22,1,2/15/2021 8:53,Bharat Shivannavar,125,0.00
464,1739010,22,PA-220,unrecognized IKE phase-1 negotiation in the logs,1794452,after the failover the Ike phase 1 goes down for all the tunnels on the passive device,53,0.43,4/11/2021 2:04,Mohammad Aftabkhan,125,15.50
474,1794657,25,PA-220,Deleting a possible stale IKEv2 child SA. SPI:3b854689a73eef6a:8aa47866132ad369,1794657,Deleting a possible stale IKEv2 child SA. SPI:3b854689a73eef6a:8aa47866132ad369,25,1,4/11/2021 21:48,Kevin Hernandez,126,0.00
479,1755053,28,PA-220,Can't add additional Adminstrator that works,1755053,Can't add additional Adminstrator that works,28,1,3/2/2021 13:37,Faheem Mansoori,127,0.00
483,1780297,28,PA-220,We had routing issues last evening between 9:07pm till about 11:30 pm. Need help to determine what caused the issue and how to address it n the future,1780297,We had routing issues last evening between 9:07pm till about 11:30 pm. Need help to determine what caused the issue and how to address it n the future,28,1,3/25/2021 12:32,Cesar Solis,128,0.00
488,1862560,29,PA-220,"Tunnels don't go up , we always needs to reboot the Firewall",1862560,"Tunnels don't go up , we always needs to reboot the Firewall",29,1,6/16/2021 23:06,Rayudu Krishna,129,0.00
491,1721637,32,PA-220,"Cutting over to new ISP, looking to have interfaces properly configured",1721637,"Cutting over to new ISP, looking to have interfaces properly configured",32,1,1/28/2021 12:02,David Alfaro,130,0.00
492,1852731,32,PA-220,Traffic won't run through a local palo alto firewall while connected to global protect on a remote palo alto firewall,1852731,Traffic won't run through a local palo alto firewall while connected to global protect on a remote palo alto firewall,32,1,6/8/2021 11:40,Saravanan Dharmarajan,131,0.00
493,1847964,33,PA-220,PHYSICAL PORT eth1/3 IS TAKEN OUT OF AGGREGATE ETHERNET,1847964,PHYSICAL PORT eth1/3 IS TAKEN OUT OF AGGREGATE ETHERNET,33,1,6/3/2021 4:50,Nikhil Sharma,132,0.00
493,1847964,33,PA-220,PHYSICAL PORT eth1/3 IS TAKEN OUT OF AGGREGATE ETHERNET,1845835,looking for assistance on locking down the ethernet security port,42,0.43,6/1/2021 12:52,Abdusshakoor Shareefdeen,132,4.50
494,1870243,33,PA-220,Otros Tuneles no levantan,1870243,Otros Tuneles no levantan,33,1,6/24/2021 9:47,Brandon Calderon,133,0.00
499,1722996,34,PA-220,Internet speed is half on newly placed PA-200,1722996,Internet speed is half on newly placed PA 200,34,1,1/29/2021 15:27,Neeraj Vimal,134,0.00
500,1770654,34,PA-220,PBF Route active for some vlans but not all. policy does allow all subnets and zones.,1770654,PBF Route active for some vlans but not all. policy does allow all subnets and zones.,34,1,3/17/2021 10:59,Jose Arana,135,0.00
502,1739169,36,PA-220,Computer connected to FW keeps dropping connection.,1739169,Computer connected to FW keeps dropping connection.,36,1,2/15/2021 12:15,Carlos Castro,136,0.00
503,1835140,36,PA-220,Appid Policy Lookup Deny - Zscaler client/proxy,1835140,Appid Policy Lookup Deny   Zscaler client/proxy,36,1,5/20/2021 12:26,Ashutosh Prajapati,137,0.00
506,1815476,39,PA-220,"Excessive ""SYSTEM ALERT : medium : DNS signature lookup timed out"" after upgrade to 10.0.5",1815476,"Excessive ""SYSTEM ALERT : medium : DNS signature lookup timed out"" after upgrade to 10.0.5",39,1,5/1/2021 11:50,Satish Kumar,138,0.00
512,1729042,42,PA-220,Admin Password Locked,1729042,Admin Password Locked,42,1,2/4/2021 12:09,Sandeep Singh,139,0.00
517,1725383,48,PA-220,Slow throughput of traffic through PA-220,1725383,Slow throughput of traffic through PA 220,48,1,2/2/2021 4:49,David Lopez,140,0.00
526,1794640,80,PA-220,Inconsistent traffic results when dual firewalls connected in L2 mode at DC sites with P2MP carrier services,1794640,Inconsistent traffic results when dual firewalls connected in L2 mode at DC sites with P2MP carrier services,80,1,4/11/2021 20:51,Tanmoy Kumbhakar,141,0.00
