Sl.no.,Open_case,Open_Ticket_subject,Product Category,Similar_Cases,Closed_Ticket_Subject,similarity_index,Date_closed,Case_Owner
0,3099695,TO GET SUPPORT ON HOW TO ACCESS A VLAN ACCESS THROUGH THE FIREWALL FROM A SPECIFIC PORT,XG Firewall,3189858,assistance about the firewall,0.52,6/10/2020 0:00,Varun Guleria
0,3099695,TO GET SUPPORT ON HOW TO ACCESS A VLAN ACCESS THROUGH THE FIREWALL FROM A SPECIFIC PORT,XG Firewall,3157967,I want Ip to access some ports.,0.45,7/10/2020 0:00,Saad Amjad
0,3099695,TO GET SUPPORT ON HOW TO ACCESS A VLAN ACCESS THROUGH THE FIREWALL FROM A SPECIFIC PORT,XG Firewall,3059545,Unable to access GUI of the firewall,0.4,9/18/2020,Raghuvansh Narayankunal
0,3099695,TO GET SUPPORT ON HOW TO ACCESS A VLAN ACCESS THROUGH THE FIREWALL FROM A SPECIFIC PORT,XG Firewall,3193256,assistance in deploying a new firewalls,0.4,5/10/2020 0:00,Sasikumar Manimaran
0,3099695,TO GET SUPPORT ON HOW TO ACCESS A VLAN ACCESS THROUGH THE FIREWALL FROM A SPECIFIC PORT,XG Firewall,3216989,VLAN Config Assistance,0.38,9/10/2020 0:00,Saad Amjad
1,3162111,Sophos Central Admin Support Request,Sophos Central,3138710,Sophos Central Admin Support Request,0.69,1/10/2020 0:00,Sidhanta Dash
1,3162111,Sophos Central Admin Support Request,Sophos Central,3207168,Sophos Central Admin Support Request,0.69,7/10/2020 0:00,Kaitha Devendar Reddy
1,3162111,Sophos Central Admin Support Request,Sophos Central,3178549,Sophos Central Admin Support Request,0.68,9/29/2020,Asif Pasha Sheikh
1,3162111,Sophos Central Admin Support Request,Sophos Central,3216006,Sophos Central Admin Support Request,0.68,9/10/2020 0:00,Kaitha Devendar Reddy
1,3162111,Sophos Central Admin Support Request,Sophos Central,3207151,Sophos Central Admin Support Request,0.67,7/10/2020 0:00,Kaitha Devendar Reddy
2,3099691,SFOS v18 Not available,XG Firewall,3167871,failed to check for pattern update,0.34,7/10/2020 0:00,Saad Amjad
2,3099691,SFOS v18 Not available,XG Firewall,3200948,"XG 210 CANNOT UPGRADE TO NEW VERSION 18 ""NO FIRMWARE AVAILABLE""",0.33,7/10/2020 0:00,Kumarraj Balla
2,3099691,SFOS v18 Not available,XG Firewall,3042209,firmware updation failuer.,0.32,8/21/2020,Vivek Pandey
2,3099691,SFOS v18 Not available,XG Firewall,3213044,Up2Date failed,0.3,8/10/2020 0:00,Nitesh Narang
2,3099691,SFOS v18 Not available,XG Firewall,3173895,"Sophos XG HA, Only one of the two firewalls is updating new firmware",0.29,9/10/2020 0:00,Raghu Jaganathan
3,3186026,Sophos install at hypervisor level.,,3204394,Unable to install the sophos on the machine,0.6,8/10/2020 0:00,Sachin Biradar
3,3186026,Sophos install at hypervisor level.,,3160506,Unable to install Sophos in Cent OS 7,0.6,3/10/2020 0:00,Asif Pasha Sheikh
3,3186026,Sophos install at hypervisor level.,,3171626,Installation issue,0.52,1/10/2020 0:00,Shijoy Mathew
3,3186026,Sophos install at hypervisor level.,,3081384,Sophos XG 125,0.52,8/10/2020 0:00,Saikumar Mukku
3,3186026,Sophos install at hypervisor level.,,3152056,Inquiry about Sophos,0.52,9/10/2020 0:00,Ajay Chada
4,3186933,Sophos Central Admin Support Request,Sophos Central,3205869,Sophos Central Admin Support Request,0.69,8/10/2020 0:00,Kaitha Devendar Reddy
4,3186933,Sophos Central Admin Support Request,Sophos Central,3198821,Sophos Central Admin Support Request,0.67,7/10/2020 0:00,Vyshnavi Jyothermai. N
4,3186933,Sophos Central Admin Support Request,Sophos Central,3211604,Sophos Central Admin Support Request,0.67,8/10/2020 0:00,Asif Pasha Sheikh
4,3186933,Sophos Central Admin Support Request,Sophos Central,3194673,Sophos Central Admin Support Request,0.67,7/10/2020 0:00,Sachin Biradar
4,3186933,Sophos Central Admin Support Request,Sophos Central,3211413,Sophos Central Admin Support Request,0.66,8/10/2020 0:00,Abdul Rahman
5,3166559,Intercept X Issue,Intercept X,3178244,Intercept X Query,0.43,8/10/2020 0:00,Abdul Rahman
5,3166559,Intercept X Issue,Intercept X,3202711,Usb issue,0.41,9/10/2020 0:00,Madhu Bandi
5,3166559,Intercept X Issue,Intercept X,3202004,Intercept X query,0.35,9/10/2020 0:00,Abdul Rahman
5,3166559,Intercept X Issue,Intercept X,3183345,Intercept X Issue/ False positive whitelist.,0.31,6/10/2020 0:00,Prasanna Raj
5,3166559,Intercept X Issue,Intercept X,3151933,Problem with endpoint when upgrading to intercept X for MAC,0.29,9/10/2020 0:00,Kaitha Devendar Reddy
6,3152237,Installation error,Sophos Central,3201687,Sophos Server protection,0.27,5/10/2020 0:00,Shijoy Mathew
6,3152237,Installation error,Sophos Central,3205727,Sophos Central Configuration,0.27,7/10/2020 0:00,Mudit Saxena
6,3152237,Installation error,Sophos Central,3179484,Ad sync issue.,0.26,9/30/2020,Vanama Jayadeep
6,3152237,Installation error,Sophos Central,3210984,Sophos Central Endpoint Install,0.26,8/10/2020 0:00,Shijoy Mathew
6,3152237,Installation error,Sophos Central,3172134,Sophos not behaving as expected in a VDI deployment.,0.25,9/10/2020 0:00,Mudit Saxena
7,3152692,proxy ca expiring,,3154276,Proxy,0.82,1/10/2020 0:00,Akash Singh
7,3152692,proxy ca expiring,,3215884,,0.58,9/10/2020 0:00,Ajay Chada
7,3152692,proxy ca expiring,,3218419,,0.58,9/10/2020 0:00,Deepak Paul
7,3152692,proxy ca expiring,,3215116,,0.58,9/10/2020 0:00,Asif Pasha Sheikh
7,3152692,proxy ca expiring,,3121107,Web proxy dead,0.52,6/10/2020 0:00,Rahul Ramesh
8,3185403,Routing table differs between GUI and SHELL V18 MR1,XG Firewall,3203111,Assistance for upgrading firmware,0.28,7/10/2020 0:00,Sohil Jain
8,3185403,Routing table differs between GUI and SHELL V18 MR1,XG Firewall,3072927,Link lost between RED50 and XG appliance,0.26,9/19/2020,Manish Saraswat
8,3185403,Routing table differs between GUI and SHELL V18 MR1,XG Firewall,3158391,IPSEC,0.25,2/10/2020 0:00,Kartik Sharma
8,3185403,Routing table differs between GUI and SHELL V18 MR1,XG Firewall,3057448,Not able to upgrade firmware of auxillary device,0.24,8/10/2020 0:00,Basavaraj Patil
8,3185403,Routing table differs between GUI and SHELL V18 MR1,XG Firewall,3103512,Wireless APX 120 Is Not Connecting,0.23,6/10/2020 0:00,Aishwarya Kotagi
9,3149783,Sophos Central Admin Support Request,Sophos Central,3197988,Sophos Central Admin Support Request,0.73,7/10/2020 0:00,Vyshnavi Jyothermai. N
9,3149783,Sophos Central Admin Support Request,Sophos Central,3208913,Sophos Central Admin Support Request,0.73,8/10/2020 0:00,Rama chary
9,3149783,Sophos Central Admin Support Request,Sophos Central,3208930,Sophos Central Admin Support Request,0.72,7/10/2020 0:00,Vyshnavi Jyothermai. N
9,3149783,Sophos Central Admin Support Request,Sophos Central,3160518,Sophos Central Admin Support Request,0.72,9/10/2020 0:00,Kaitha Devendar Reddy
9,3149783,Sophos Central Admin Support Request,Sophos Central,3198821,Sophos Central Admin Support Request,0.72,7/10/2020 0:00,Vyshnavi Jyothermai. N
